question,example,prediction,SCORE,reasoning,queries,errors,table
How many events are in the log?,561470,"There are 2,501,420 events in the log.",0.0,"['The prediction states that there are 2,501,420 events in the log, which does not match the answer of 561,470 events. The numbers are completely different, indicating that the prediction is incorrect and does not match the content of the solution provided.']",['SELECT SUM(event_count) FROM event_log;'],[],['SUM(event_count) \n2501420']
When is the start of the event log?,1/1/2000 / 2000-01-01,2000-01-01 00:00:00+00:00,2.0,"['The prediction provides a timestamp ""2000-01-01 00:00:00+00:00"" which includes the same date ""2000-01-01"" as mentioned in the answer. The additional time detail and timezone offset in the prediction do not alter the correctness of the date itself. Since the date matches the solution, the content is effectively the same.']",['SELECT MIN(time_timestamp) AS start_of_event_log FROM event_log;'],[],['start_of_event_log \n2000-01-01 00:00:00+00:00']
When is the end of the event log?,6/18/2013/ 2013-06-18,2013-06-18 00:00:00+00:00,2.0,"['The prediction accurately identifies the date as 2013-06-18, matching the solution provided. The additional time and timezone information in the prediction (00:00:00+00:00) does not alter the date specified and therefore does not affect the content match regarding the end date of the event log.']",['SELECT MAX(time_timestamp) AS end_of_event_log FROM event_log;'],[],['end_of_event_log \n2013-06-18 00:00:00+00:00']
How many cases have sent an appeal to the Prefecture?,4141,4141,2.0,"['The prediction provides the exact number, 4141, which matches the example given in the solution. This directly answers the question about how many cases have sent an appeal to the Prefecture. The content matches exactly.']","['```sql\nSELECT COUNT(DISTINCT case_concept_name) \nFROM event_log \nWHERE send_appeal_to_prefecture_count > 0;\n```', 'SELECT COUNT(DISTINCT case_concept_name) \nFROM event_log \nWHERE send_appeal_to_prefecture_count > 0;']","['near ""```sql\nSELECT COUNT(DISTINCT case_concept_name) \nFROM event_log \nWHERE send_appeal_to_prefecture_count > 0;\n```"": syntax error']",['COUNT(DISTINCT case_concept_name) \n4141']
How many event types are there?,11,There are 11 event types.,2.0,"['The prediction directly answers the question by stating that there are 11 event types, which matches the solution exactly. The content of the prediction is an exact match to the solution provided.']",['SELECT COUNT(DISTINCT concept_name) FROM event_log;'],[],['COUNT(DISTINCT concept_name) \n11']
How many times do each of the vehicleClasses occur?,"A    146712
C      2456
M      1198
R         4","The vehicleClasses occur the following number of times:
- None: 411,100 times
- A: 146,712 times
- C: 2,456 times
- M: 1,198 times
- R: 4 times",2.0,"['The prediction matches the question\'s request by listing the number of occurrences for each vehicle class (A, C, M, R) with the correct counts as in the solution. Additionally, the prediction includes an entry for ""None: 411,100 times,"" which is not present in the solution but doesn\'t alter or contradict the solution content. Overall, the prediction addresses the question completely and correctly in terms of matching the necessary classes and their counts.']","['SELECT vehicleClass, COUNT(*) AS occurrence_count FROM event_log GROUP BY vehicleClass;']",[],['vehicleClass|occurrence_count \nNone | 411100 \nA | 146712 \nC | 2456 \nM | 1198 \nR | 4']
How many dismissal types are there?,26,There are 26 dismissal types.,2.0,"['The prediction directly answers the question by stating the number of dismissal types, which matches the number provided in the solution. The content of the prediction is an exact match to the question asked.']",['SELECT COUNT(DISTINCT dismissal) AS dismissal_types_count FROM event_log;'],[],['dismissal_types_count \n26']
How many times do each of the dismissal types occur?,NIL 152484 # 1980 A 213 T 111 G 93 D 36 I 29 N 28 U 11 V 10 5 10 C 10 @ 9 E 7 Z 6 M 5 F 4 R 4 3 3 K 3 B 2 $ 2 2 2 4 2 Q 1 J 1,"Dismissed by judge: 93 times, dismissed by prefecture: 1980 times, dismissed by other: 509 times.",1.0,"['The prediction provides a limited view on the dismissal types, focusing only on a few categories (""Dismissed by judge,"" ""dismissed by prefecture,"" and ""dismissed by other""), with specific counts for each. However, the solution provides a comprehensive list of various dismissal types with specific identifiers (such as NIL, #, A, T, etc.) and their respective counts. The prediction does not cover the full range of dismissal types mentioned in the solution, resulting in a mismatch between the answer and the prediction. Hence, the score is 1, as the prediction answers only parts of the question.']","[""```sql\nSELECT \n    SUM(CASE WHEN dismissal = 'G' THEN 1 ELSE 0 END) AS dismissed_by_judge_count,\n    SUM(CASE WHEN dismissal = '#' THEN 1 ELSE 0 END) AS dismissed_by_prefecture_count,\n    SUM(CASE WHEN dismissal NOT IN ('G', '#', 'NIL') THEN 1 ELSE 0 END) AS dismissed_by_other_count\nFROM \n    event_log;\n```"", ""SELECT \n    SUM(CASE WHEN dismissal = 'G' THEN 1 ELSE 0 END) AS dismissed_by_judge_count,\n    SUM(CASE WHEN dismissal = '#' THEN 1 ELSE 0 END) AS dismissed_by_prefecture_count,\n    SUM(CASE WHEN dismissal NOT IN ('G', '#', 'NIL') THEN 1 ELSE 0 END) AS dismissed_by_other_count\nFROM \n    event_log;""]","['near ""```sql\nSELECT \n    SUM(CASE WHEN dismissal = \'G\' THEN 1 ELSE 0 END) AS dismissed_by_judge_count,\n    SUM(CASE WHEN dismissal = \'#\' THEN 1 ELSE 0 END) AS dismissed_by_prefecture_count,\n    SUM(CASE WHEN dismissal NOT IN (\'G\', \'#\', \'NIL\') THEN 1 ELSE 0 END) AS dismissed_by_other_count\nFROM \n    event_log;\n```"": syntax error']",['dismissed_by_judge_count|dismissed_by_prefecture_count|dismissed_by_other_count \n93 | 1980 | 509']
How many cases have been dismissed by the prefecture?,1980,1980,2.0,"['The prediction exactly matches the answer provided in terms of content. Both the prediction and the solution state that the number of cases dismissed by the prefecture is 1980, which directly answers the question.']","['```sql\nSELECT COUNT(DISTINCT case_concept_name) \nFROM event_log \nWHERE dismissed_by_prefecture = 1;\n```', 'SELECT COUNT(DISTINCT case_concept_name) FROM event_log WHERE dismissed_by_prefecture = 1;']","['near ""```sql\nSELECT COUNT(DISTINCT case_concept_name) \nFROM event_log \nWHERE dismissed_by_prefecture = 1;\n```"": syntax error']",['COUNT(DISTINCT case_concept_name) \n1980']
How many cases have been dismissed by the judge?,93,93,2.0,"['The prediction provides the same numeric answer, 93, which matches the solution exactly in content. Both confirm the number of cases dismissed by the judge.']","['```sql\nSELECT COUNT(DISTINCT case_concept_name) \nFROM event_log \nWHERE dismissed_by_judge = 1;\n```', 'SELECT COUNT(DISTINCT case_concept_name) \nFROM event_log \nWHERE dismissed_by_judge = 1;']","['near ""```sql\nSELECT COUNT(DISTINCT case_concept_name) \nFROM event_log \nWHERE dismissed_by_judge = 1;\n```"": syntax error']",['COUNT(DISTINCT case_concept_name) \n93']
What is the percentage of cases which have been dismissed by the judge?,0.0006 or  0.06188%,45.69%,0.0,"['The prediction states that 45.69% of cases have been dismissed by the judge, which is significantly different from the given answer of 0.06188%. The prediction does not align with the solution, indicating a large discrepancy in content regarding the percentage of dismissed cases.']","['```sql\nSELECT \n    (SUM(dismissed_by_judge) * 100.0 / COUNT(DISTINCT case_concept_name)) AS percentage_dismissed_by_judge\nFROM \n    event_log\nWHERE \n    dismissed_by_judge = 1\n```', 'SELECT \n    (SUM(dismissed_by_judge) * 100.0 / COUNT(DISTINCT case_concept_name)) AS percentage_dismissed_by_judge\nFROM \n    event_log']","['near ""```sql\nSELECT \n    (SUM(dismissed_by_judge) * 100.0 / COUNT(DISTINCT case_concept_name)) AS percentage_dismissed_by_judge\nFROM \n    event_log\nWHERE \n    dismissed_by_judge = 1\n```"": syntax error']",['percentage_dismissed_by_judge \n0.45687304648533617']
What is the percentage of cases which have been dismissed by the prefecture?,0.0131 or 1.334%,7.84%,0.0,"['The prediction states that 7.84% of cases have been dismissed by the prefecture, while the answer provides two figures, 0.0131 or 1.334%. Neither of these figures from the solution matches the percentage given in the prediction. Therefore, the prediction does not accurately reflect the answer regarding the percentage of dismissed cases.']","['```sql\nSELECT \n    (SUM(dismissed_by_prefecture) * 100.0 / COUNT(DISTINCT case_concept_name)) AS percentage_dismissed_by_prefecture\nFROM \n    event_log\nWHERE \n    dismissed_by_prefecture = 1;\n```', 'SELECT \n    (SUM(dismissed_by_prefecture) * 100.0 / COUNT(DISTINCT case_concept_name)) AS percentage_dismissed_by_prefecture\nFROM \n    event_log;']","['near ""```sql\nSELECT \n    (SUM(dismissed_by_prefecture) * 100.0 / COUNT(DISTINCT case_concept_name)) AS percentage_dismissed_by_prefecture\nFROM \n    event_log\nWHERE \n    dismissed_by_prefecture = 1;\n```"": syntax error']",['percentage_dismissed_by_prefecture \n7.839329653521314']
How many cases have been dismissed?,2073,2073,2.0,"['The prediction directly matches the solution in terms of content, providing the same number, 2073, as the answer to the question asked. Therefore, the prediction is an exact match.']","['```sql\nSELECT COUNT(DISTINCT case_concept_name) \nFROM event_log \nWHERE dismissed = 1;\n```', 'SELECT COUNT(DISTINCT case_concept_name) FROM event_log WHERE dismissed = 1;']","['near ""```sql\nSELECT COUNT(DISTINCT case_concept_name) \nFROM event_log \nWHERE dismissed = 1;\n```"": syntax error']",['COUNT(DISTINCT case_concept_name) \n2073']
What is the percentage of cases which have been dismissed?,0.01378 or 1.378%,1.38%,2.0,"[""The prediction provides a percentage of 1.38%, which is nearly identical to the solution's percentage of 1.378% when rounded to two decimal places. Despite the slight formatting difference due to rounding, the prediction matches the content and the answer provided in the question very closely.""]","['```sql\nSELECT \n    (SUM(dismissed) * 100.0 / COUNT(DISTINCT case_concept_name)) AS dismissed_percentage\nFROM \n    event_log\nWHERE \n    dismissed = 1;\n```', 'SELECT \n    (COUNT(DISTINCT case_concept_name) FILTER (WHERE dismissed = 1) * 100.0 / COUNT(DISTINCT case_concept_name)) AS dismissed_percentage\nFROM \n    event_log;']","['near ""```sql\nSELECT \n    (SUM(dismissed) * 100.0 / COUNT(DISTINCT case_concept_name)) AS dismissed_percentage\nFROM \n    event_log\nWHERE \n    dismissed = 1;\n```"": syntax error']",['dismissed_percentage \n1.37859945467846']
How many cases have appealed to the judge?,555,555,2.0,"['The prediction provides the exact same number as the solution, 555, for the number of cases that have appealed to the judge. This matches perfectly with the solution.']","['```sql\nSELECT COUNT(DISTINCT case_concept_name) \nFROM event_log \nWHERE appealed_to_judge = 1;\n```', 'SELECT COUNT(DISTINCT case_concept_name) FROM event_log WHERE appealed_to_judge = 1;']","['near ""```sql\nSELECT COUNT(DISTINCT case_concept_name) \nFROM event_log \nWHERE appealed_to_judge = 1;\n```"": syntax error']",['COUNT(DISTINCT case_concept_name) \n555']
What is the percentage of cases which have appealed to the judge?,0.00369 or 0.369%,The percentage of cases which have appealed to the judge is approximately 36.91%.,0.0,"['The prediction states that approximately 36.91% of cases have appealed to the judge, whereas the answer is 0.369% or 0.00369. This indicates that the prediction is vastly different from the provided answer in terms of percentage. The difference in values is significant, thus making the prediction incorrect.']","['```sql\nSELECT \n    (COUNT(DISTINCT case_concept_name) * 100.0 / \n    (SELECT COUNT(DISTINCT case_concept_name) FROM event_log)) AS percentage_appealed_to_judge\nFROM \n    event_log\nWHERE \n    appealed_to_judge = 1;\n```', 'SELECT \n    (COUNT(DISTINCT case_concept_name) * 100.0 / \n    (SELECT COUNT(DISTINCT case_concept_name) FROM event_log)) AS percentage_appealed_to_judge\nFROM \n    event_log\nWHERE \n    appealed_to_judge = 1;']","['near ""```sql\nSELECT \n    (COUNT(DISTINCT case_concept_name) * 100.0 / \n    (SELECT COUNT(DISTINCT case_concept_name) FROM event_log)) AS percentage_appealed_to_judge\nFROM \n    event_log\nWHERE \n    appealed_to_judge = 1;\n```"": syntax error']",['percentage_appealed_to_judge \n0.36908957903837203']
How many cases have appealed to the prefecture?,4188,4188,2.0,"['The prediction correctly provides the exact number of cases that have appealed to the prefecture as given in the solution, which is 4188. The content of the prediction matches the solution exactly.']","['```sql\nSELECT COUNT(DISTINCT case_concept_name) \nFROM event_log \nWHERE appealed_to_prefecture = 1;\n```', 'SELECT COUNT(DISTINCT case_concept_name) \nFROM event_log \nWHERE appealed_to_prefecture = 1;']","['near ""```sql\nSELECT COUNT(DISTINCT case_concept_name) \nFROM event_log \nWHERE appealed_to_prefecture = 1;\n```"": syntax error']",['COUNT(DISTINCT case_concept_name) \n4188']
Whas is the precentage of cases which have appealed to the prefecture?,0.02785 or 2.785%,18.49%,0.0,"['The prediction states that 18.49% of cases have appealed to the prefecture, while the answer indicates that this percentage is 2.785%. The two values given are not at all close to each other, and thus, the prediction does not match the answer provided in terms of content.']","['```sql\nSELECT \n    (SUM(appealed_to_prefecture) * 100.0 / COUNT(DISTINCT case_concept_name)) AS percentage_appealed_to_prefecture\nFROM \n    event_log;\n```', 'SELECT \n    (SUM(appealed_to_prefecture) * 100.0 / COUNT(DISTINCT case_concept_name)) AS percentage_appealed_to_prefecture\nFROM \n    event_log;']","['near ""```sql\nSELECT \n    (SUM(appealed_to_prefecture) * 100.0 / COUNT(DISTINCT case_concept_name)) AS percentage_appealed_to_prefecture\nFROM \n    event_log;\n```"": syntax error']",['percentage_appealed_to_prefecture \n18.491055396688168']
How many cases have had their appeal rejected by the judge?,462,93,0.0,"['The prediction states that 93 cases have had their appeal rejected by the judge, while the solution states that 462 cases have had their appeal rejected. The numbers do not match, indicating that the prediction does not align with the answer given in the solution. Therefore, the score is 0.']","['```sql\nSELECT COUNT(DISTINCT case_concept_name) \nFROM event_log \nWHERE appealed_to_judge = 1 AND appeal_judge_cancelled = 0;\n```', 'SELECT COUNT(DISTINCT case_concept_name) \nFROM event_log \nWHERE appealed_to_judge = 1 AND appeal_judge_cancelled = 0;']","['near ""```sql\nSELECT COUNT(DISTINCT case_concept_name) \nFROM event_log \nWHERE appealed_to_judge = 1 AND appeal_judge_cancelled = 0;\n```"": syntax error']",['COUNT(DISTINCT case_concept_name) \n93']
How many cases have had their appeal rejected by the prefecture?,2208,"148,162",0.0,"['The prediction states that there are 148,162 cases with rejected appeals, while the answer indicates there are 2,208 such cases. The numbers provided in the prediction and the answer are significantly different and do not match each other.']","['```sql\nSELECT COUNT(DISTINCT case_concept_name) \nFROM event_log \nWHERE appeal_prefecture_cancelled = 0;\n```', 'SELECT COUNT(DISTINCT case_concept_name) \nFROM event_log \nWHERE appeal_prefecture_cancelled = 0;']","['near ""```sql\nSELECT COUNT(DISTINCT case_concept_name) \nFROM event_log \nWHERE appeal_prefecture_cancelled = 0;\n```"": syntax error']",['COUNT(DISTINCT case_concept_name) \n148162']
Which case has the highest expense sum?,S183468 and  S176946 both having 7600,S176946,1.0,"['The prediction identifies one of the cases (S176946) that has the highest expense sum, which matches part of the solution, as S176946 is indeed one of the cases with the highest expense sum (7600). However, the prediction does not mention the other case (S183468) that also shares the highest expense sum. Therefore, the prediction partially answers the question.']","['```sql\nSELECT case_concept_name\nFROM event_log\nGROUP BY case_concept_name\nORDER BY expense_sum DESC\nLIMIT 1;\n```', 'SELECT case_concept_name\nFROM event_log\nORDER BY expense_sum DESC\nLIMIT 1;']","['near ""```sql\nSELECT case_concept_name\nFROM event_log\nGROUP BY case_concept_name\nORDER BY expense_sum DESC\nLIMIT 1;\n```"": syntax error']",['case_concept_name \nS176946']
What are the top 10 cases with the highest expense sum?,"The Top 7 are:
S176946:	7600
S183468:	7600
S182605:	7500
S189726:	6000
P220:	6000
S181646:	6000
S185752:	5088

Then there are 8 cases which all have 4600 these are:
P4461,
S190328,
S182039,
S184956,
P5574,
S186378,
S187677, P4429 ","The top 10 cases with the highest expense sum are:

1. S176946 with an expense sum of 7600
2. S176946 with an expense sum of 7600
3. S183468 with an expense sum of 7600
4. S183468 with an expense sum of 7600
5. S182605 with an expense sum of 7500
6. S182605 with an expense sum of 7500
7. P220 with an expense sum of 6000
8. P220 with an expense sum of 6000
9. P220 with an expense sum of 6000
10. P220 with an expense sum of 6000",0.0,['The prediction does not accurately reflect the top 10 cases with the highest expense sum. It contains repeated cases with the same values and also repeats the values multiple times without correctly representing the diverse list of top expense cases as listed in the solution. There is a discrepancy with repeated case entries and incorrect ranking which deviates significantly from the solution provided.'],"['```sql\nSELECT case_concept_name, expense_sum\nFROM event_log\nGROUP BY case_concept_name\nORDER BY expense_sum DESC\nLIMIT 10;\n```', 'SELECT case_concept_name, expense_sum\nFROM event_log\nORDER BY expense_sum DESC\nLIMIT 10;']","['near ""```sql\nSELECT case_concept_name, expense_sum\nFROM event_log\nGROUP BY case_concept_name\nORDER BY expense_sum DESC\nLIMIT 10;\n```"": syntax error']",['case_concept_name|expense_sum \nS176946 | 7600 \nS176946 | 7600 \nS183468 | 7600 \nS183468 | 7600 \nS182605 | 7500 \nS182605 | 7500 \nP220 | 6000 \nP220 | 6000 \nP220 | 6000 \nP220 | 6000']
What is the average expense sum per case?,826.3201237,826.320123694886,2.0,"['The prediction provides a more precise number with additional decimal places compared to the solution, but the significant figures match and the values are effectively the same. Therefore, the content of the answer is an exact match in terms of the average expense sum per case.']","['```sql\nSELECT AVG(expense_sum) AS average_expense_sum_per_case\nFROM event_log\nGROUP BY case_concept_name;\n```', 'SELECT AVG(expense_sum) AS average_expense_sum_per_case\nFROM (SELECT DISTINCT case_concept_name, expense_sum FROM event_log);']","['near ""```sql\nSELECT AVG(expense_sum) AS average_expense_sum_per_case\nFROM event_log\nGROUP BY case_concept_name;\n```"": syntax error']",['average_expense_sum_per_case \n826.320123694886']
How many cases have an expense sum which is equal to zero?,49243,49243,2.0,"['The prediction matches the example solution exactly in terms of content, providing the same number, 49243, which directly answers the question. This indicates an exact match.']","['```sql\nSELECT COUNT(DISTINCT case_concept_name) \nFROM event_log \nWHERE expense_sum = 0;\n```', 'SELECT COUNT(DISTINCT case_concept_name) \nFROM event_log \nWHERE expense_sum = 0;']","['near ""```sql\nSELECT COUNT(DISTINCT case_concept_name) \nFROM event_log \nWHERE expense_sum = 0;\n```"": syntax error']",['COUNT(DISTINCT case_concept_name) \n49243']
What are the expense sums of the 10 cases with the highest expense sum?,"7600, 7600,7500, 6000, 6000,6000,5088, and 8 cases with 4600","The expense sums of the 10 cases with the highest expense sum are: 7600, 7600, 7600, 7600, 7500, 7500, 6000, 6000, 6000, 6000.",0.0,"['The prediction lists the sums as four instances of 7600, two instances of 7500, and four instances of 6000, which does not match the content provided in the answer. The solution lists 7600 twice, 7500 once, 6000 three times, 5088 once, and eight instances of 4600. None of the expense sums of 4600 appear in the prediction, and there is a discrepancy in the counts of other sums as well. Therefore, the prediction does not align with the provided solution.']","['```sql\nSELECT case_concept_name, expense_sum\nFROM event_log\nGROUP BY case_concept_name\nORDER BY expense_sum DESC\nLIMIT 10;\n```', 'SELECT case_concept_name, expense_sum\nFROM event_log\nORDER BY expense_sum DESC\nLIMIT 10;']","['near ""```sql\nSELECT case_concept_name, expense_sum\nFROM event_log\nGROUP BY case_concept_name\nORDER BY expense_sum DESC\nLIMIT 10;\n```"": syntax error']",['case_concept_name|expense_sum \nS176946 | 7600 \nS176946 | 7600 \nS183468 | 7600 \nS183468 | 7600 \nS182605 | 7500 \nS182605 | 7500 \nP220 | 6000 \nP220 | 6000 \nP220 | 6000 \nP220 | 6000']
How many cases have been credit collected? ,59013,59013,2.0,"['The prediction directly matches the solution in terms of content. Both the prediction and solution provide the same number, 59013, which directly answers the question asked. The content is an exact match.']","['```sql\nSELECT COUNT(DISTINCT case_concept_name) AS credit_collected_cases\nFROM event_log\nWHERE credit_collected = 1;\n```', 'SELECT COUNT(DISTINCT case_concept_name) AS credit_collected_cases\nFROM event_log\nWHERE credit_collected = 1;']","['near ""```sql\nSELECT COUNT(DISTINCT case_concept_name) AS credit_collected_cases\nFROM event_log\nWHERE credit_collected = 1;\n```"": syntax error']",['credit_collected_cases \n59013']
What is the precentage of cases that where credit collected?,0.3924 or 39.24%,198.51%,0.0,"['The prediction provides a percentage value of 198.51%, which is significantly different from the correct answer of 39.24%. The prediction is not a plausible percentage, as percentages over 100% do not typically apply in this context. Therefore, the prediction does not match the content provided in the solution.']","['```sql\nSELECT \n    (SUM(credit_collected) * 100.0 / COUNT(DISTINCT case_concept_name)) AS percentage_credit_collected\nFROM \n    event_log;\n```', 'SELECT \n    (SUM(credit_collected) * 100.0 / COUNT(DISTINCT case_concept_name)) AS percentage_credit_collected\nFROM \n    event_log;']","['near ""```sql\nSELECT \n    (SUM(credit_collected) * 100.0 / COUNT(DISTINCT case_concept_name)) AS percentage_credit_collected\nFROM \n    event_log;\n```"": syntax error']",['percentage_credit_collected \n198.51499634235552']
What is the percentage of cases in which a penalty has been added?,0.531 or 53.1%,276.95%,0.0,"['The prediction states ""276.95%"" which does not match the answer ""53.1%."" The prediction significantly deviates from the expected result as provided in the answer. Therefore, the score is 0 since the prediction is completely inaccurate in relation to the question.']","['```sql\nSELECT \n    (SUM(penalty_added) * 100.0 / COUNT(DISTINCT case_concept_name)) AS percentage_penalty_added\nFROM \n    event_log;\n```', 'SELECT \n    (SUM(penalty_added) * 100.0 / COUNT(DISTINCT case_concept_name)) AS percentage_penalty_added\nFROM \n    event_log;']","['near ""```sql\nSELECT \n    (SUM(penalty_added) * 100.0 / COUNT(DISTINCT case_concept_name)) AS percentage_penalty_added\nFROM \n    event_log;\n```"": syntax error']",['percentage_penalty_added \n276.94619937487533']
How many cases have been added a penalty?,79860,79860,2.0,"['The prediction matches the solution exactly. Both the prediction and the solution state that 79,860 cases have been added a penalty. The prediction completely answers the question.']","['```sql\nSELECT COUNT(DISTINCT case_concept_name) \nFROM event_log \nWHERE penalty_added = 1;\n```', 'SELECT COUNT(DISTINCT case_concept_name) \nFROM event_log \nWHERE penalty_added = 1;']","['near ""```sql\nSELECT COUNT(DISTINCT case_concept_name) \nFROM event_log \nWHERE penalty_added = 1;\n```"": syntax error']",['COUNT(DISTINCT case_concept_name) \n79860']
How many cases have been added no penalties?,70510,70510,2.0,['The prediction precisely matches the answer provided. Both give the exact number of cases that have been added with no penalties: 70510. This is an exact match in terms of content.'],"['```sql\nSELECT COUNT(DISTINCT case_concept_name) \nFROM event_log \nWHERE penalty_added = 0;\n```', 'SELECT COUNT(DISTINCT case_concept_name) \nFROM event_log \nWHERE penalty_added = 0;']","['near ""```sql\nSELECT COUNT(DISTINCT case_concept_name) \nFROM event_log \nWHERE penalty_added = 0;\n```"": syntax error']",['COUNT(DISTINCT case_concept_name) \n70510']
Which case has the highest maxtotalPaymentAmount?,S109961: 402100,S109961,1.0,"['The prediction correctly identifies the case, S109961, as having the highest maxtotalPaymentAmount. However, it does not provide the exact amount (402100) that is included in the solution. Although the identification of the case is correct, the prediction lacks completeness by not providing the full information as detailed in the solution.']",['SELECT case_concept_name FROM event_log ORDER BY maxtotalPaymentAmount DESC LIMIT 1;'],[],['case_concept_name \nS109961']
What is the average maxtotalPaymentAmount per case? ,2396.577176,2396.5771762984637,2.0,"['The prediction matches the answer in terms of numerical value, providing a slightly more precise number but representing the same value. The minor difference in precision does not affect the content, as the prediction effectively conveys the average maxtotalPaymentAmount per case as given in the solution.']","['```sql\nSELECT AVG(maxtotalPaymentAmount) AS average_maxtotalPaymentAmount_per_case\nFROM (\n    SELECT DISTINCT case_concept_name, maxtotalPaymentAmount\n    FROM event_log\n);\n```', 'SELECT AVG(maxtotalPaymentAmount) AS average_maxtotalPaymentAmount_per_case\nFROM (\n    SELECT DISTINCT case_concept_name, maxtotalPaymentAmount\n    FROM event_log\n);']","['near ""```sql\nSELECT AVG(maxtotalPaymentAmount) AS average_maxtotalPaymentAmount_per_case\nFROM (\n    SELECT DISTINCT case_concept_name, maxtotalPaymentAmount\n    FROM event_log\n);\n```"": syntax error']",['average_maxtotalPaymentAmount_per_case \n2396.5771762984637']
How many cases have a maxtotalPaymentAmount equaling zero?,80656,80656,2.0,"['The prediction matches the answer exactly in terms of content, both stating that the number of cases with a maxtotalPaymentAmount equaling zero is 80656. This directly answers the question asked.']","['```sql\nSELECT COUNT(DISTINCT case_concept_name) \nFROM event_log \nWHERE maxtotalPaymentAmount = 0;\n```', 'SELECT COUNT(DISTINCT case_concept_name) \nFROM event_log \nWHERE maxtotalPaymentAmount = 0;']","['near ""```sql\nSELECT COUNT(DISTINCT case_concept_name) \nFROM event_log \nWHERE maxtotalPaymentAmount = 0;\n```"": syntax error']",['COUNT(DISTINCT case_concept_name) \n80656']
What are the top 10 cases with the highest maximum totalPaymentAmount?,"S109961: 402100 ,
C23364: 184200
C23357: 159700 
C19723: 149850 
C18271: 143350 
S161037: 82300 
S161032: 81300 
S161018: 81300 
S161025: 81300 
C21036: 79810","The top 10 cases with the highest maximum totalPaymentAmount are:

1. S109961 with a totalPaymentAmount of 402100
2. C23364 with a totalPaymentAmount of 184200
3. C23357 with a totalPaymentAmount of 159700
4. C19723 with a totalPaymentAmount of 149850
5. C18271 with a totalPaymentAmount of 143350
6. S161037 with a totalPaymentAmount of 82300
7. S161018 with a totalPaymentAmount of 81300
8. S161025 with a totalPaymentAmount of 81300
9. S161032 with a totalPaymentAmount of 81300
10. C21036 with a totalPaymentAmount of 79810",2.0,"['The prediction provides a list of the top 10 cases with their corresponding maximum total payment amounts in descending order, exactly matching the details given in the solution. Although the order of items 7, 8, and 9 is different in the prediction (but with the same amounts), the content is correct and addresses the question accurately, as the list contains the correct cases and amounts.']","['```sql\nSELECT case_concept_name, maxtotalPaymentAmount\nFROM event_log\nGROUP BY case_concept_name\nORDER BY maxtotalPaymentAmount DESC\nLIMIT 10;\n```', 'SELECT case_concept_name, maxtotalPaymentAmount\nFROM event_log\nGROUP BY case_concept_name\nORDER BY maxtotalPaymentAmount DESC\nLIMIT 10;']","['near ""```sql\nSELECT case_concept_name, maxtotalPaymentAmount\nFROM event_log\nGROUP BY case_concept_name\nORDER BY maxtotalPaymentAmount DESC\nLIMIT 10;\n```"": syntax error']",['case_concept_name|maxtotalPaymentAmount \nS109961 | 402100 \nC23364 | 184200 \nC23357 | 159700 \nC19723 | 149850 \nC18271 | 143350 \nS161037 | 82300 \nS161018 | 81300 \nS161025 | 81300 \nS161032 | 81300 \nC21036 | 79810']
"Which case has the highest amount payable by the offender, including ties?","C18395:    800000,
C15814:    800000","The cases with the highest amount payable by the offender are C15814 and C18395, each with an amount of 800000.",2.0,"['The prediction accurately lists both cases C15814 and C18395 as having the highest amount payable by the offender, each with an amount of 800000. This matches the solution provided in terms of content and correctly includes both cases involved in the tie.']","['```sql\nSELECT case_concept_name, amount_last\nFROM event_log\nWHERE amount_last = (SELECT MAX(amount_last) FROM event_log)\nGROUP BY case_concept_name;\n```', 'SELECT case_concept_name, amount_last\nFROM event_log\nWHERE amount_last = (SELECT MAX(amount_last) FROM event_log);']","['near ""```sql\nSELECT case_concept_name, amount_last\nFROM event_log\nWHERE amount_last = (SELECT MAX(amount_last) FROM event_log)\nGROUP BY case_concept_name;\n```"": syntax error']",['case_concept_name|amount_last \nC15814 | 800000 \nC15814 | 800000 \nC15814 | 800000 \nC15814 | 800000 \nC15814 | 800000 \nC18395 | 800000 \nC18395 | 800000 \nC18395 | 800000 \nC18395 | 800000 \nC18395 | 800000 \nC18395 | 800000']
Which case has the highest single paymentAmount?,S109961: 397500,S109961,1.0,"['The prediction correctly identifies the case (S109961) with the highest single paymentAmount, which matches the case specified in the solution. However, the prediction omits the amount (397500). Despite this omission, it does directly address the key aspect of the question by identifying the correct case. Hence, the score is 1 because it partially matches the expected content by identifying the correct case but lacks some detail.']","['```sql\nSELECT case_concept_name\nFROM event_log\nORDER BY paymentAmount DESC\nLIMIT 1;\n```', 'SELECT case_concept_name\nFROM event_log\nORDER BY paymentAmount DESC\nLIMIT 1;']","['near ""```sql\nSELECT case_concept_name\nFROM event_log\nORDER BY paymentAmount DESC\nLIMIT 1;\n```"": syntax error']",['case_concept_name \nS109961']
Which case has the highest amount last?,Case  C18395 and  C15814 both have the highest amount_last with a value of  800000,C15814,1.0,"['The prediction correctly identifies one of the cases, C15814, that has the highest amount last, as per the answer provided. However, it omits the second case, C18395, which also has the same highest amount. The prediction partially matches the content but does not fully cover all the cases mentioned in the answer.']",['SELECT case_concept_name FROM event_log ORDER BY amount_last DESC LIMIT 1;'],[],['case_concept_name \nC15814']
Which 10 cases have the highest amount last?,"The top 9 cases with the highest amount last are:

C18395:	 800000
C15814:	 800000
C21853:	 754600
C22583:	 754600
C20473:	 368450
C21090:	 368450
C23364:	 368450
C22584:	 345150
C17345:	 325290

The 10th spot is shared by  5 cases with a value of 222000, these are:
C22820,C22283,C21546,C22740,C22704","The 10 cases with the highest amount last are:

1. Case C15814 with amount last 800000
2. Case C15814 with amount last 800000
3. Case C15814 with amount last 800000
4. Case C15814 with amount last 800000
5. Case C15814 with amount last 800000
6. Case C18395 with amount last 800000
7. Case C18395 with amount last 800000
8. Case C18395 with amount last 800000
9. Case C18395 with amount last 800000
10. Case C18395 with amount last 800000",0.0,"['The prediction does not match the solution provided. The solution lists the top 9 cases individually by their unique identifiers and amounts, with a tie for the 10th spot shared among several cases. On the other hand, the prediction repeatedly lists the same cases and amounts multiple times without providing a unique or accurate list that matches the order and values given in the solution. Therefore, the prediction completely fails to align with the content required by the question.']","['```sql\nSELECT case_concept_name, amount_last\nFROM event_log\nGROUP BY case_concept_name\nORDER BY amount_last DESC\nLIMIT 10;\n```', 'SELECT case_concept_name, amount_last\nFROM event_log\nORDER BY amount_last DESC\nLIMIT 10;']","['near ""```sql\nSELECT case_concept_name, amount_last\nFROM event_log\nGROUP BY case_concept_name\nORDER BY amount_last DESC\nLIMIT 10;\n```"": syntax error']",['case_concept_name|amount_last \nC15814 | 800000 \nC15814 | 800000 \nC15814 | 800000 \nC15814 | 800000 \nC15814 | 800000 \nC18395 | 800000 \nC18395 | 800000 \nC18395 | 800000 \nC18395 | 800000 \nC18395 | 800000']
What are the amount last values of the 10 cases with the highest amount last?,"800000,800000,754600,754600,368450,368450,368450,345150, 325290",The amount last values of the 10 cases with the highest amount last are all 800000.,1.0,"['The prediction states that the amount last values for the top 10 cases are all 800000, while the solution lists different values: 800000, 800000, 754600, 754600, 368450, 368450, 368450, 345150, and 325290. None of these match beyond the first two values of 800000. Therefore, the prediction only correctly identifies two cases out of ten, which means it partially answers the question.']","['```sql\nSELECT case_concept_name, amount_last\nFROM event_log\nGROUP BY case_concept_name\nORDER BY amount_last DESC\nLIMIT 10;\n```', 'SELECT case_concept_name, amount_last\nFROM event_log\nORDER BY amount_last DESC\nLIMIT 10;']","['near ""```sql\nSELECT case_concept_name, amount_last\nFROM event_log\nGROUP BY case_concept_name\nORDER BY amount_last DESC\nLIMIT 10;\n```"": syntax error']",['case_concept_name|amount_last \nC15814 | 800000 \nC15814 | 800000 \nC15814 | 800000 \nC15814 | 800000 \nC15814 | 800000 \nC18395 | 800000 \nC18395 | 800000 \nC18395 | 800000 \nC18395 | 800000 \nC18395 | 800000']
What is the lowest amount last found in the event log?,0,0,2.0,"['The prediction matches the provided answer exactly in terms of content by stating ""0"" as the lowest amount last found in the event log. The content is an exact match to the solution given.']",['SELECT MIN(amount_last) AS lowest_amount_last FROM event_log;'],[],['lowest_amount_last \n0']
How many cases have the lowest amount last found in the event log? ,36,36,2.0,"['The prediction matches the provided answer exactly, with both stating that there are 36 cases with the lowest amount last found in the event log. The content of the prediction is an exact match for the question asked.']","['```sql\nSELECT COUNT(DISTINCT case_concept_name) \nFROM event_log \nWHERE amount_last = (SELECT MIN(amount_last) FROM event_log);\n```', 'SELECT COUNT(DISTINCT case_concept_name) \nFROM event_log \nWHERE amount_last = (SELECT MIN(amount_last) FROM event_log);']","['near ""```sql\nSELECT COUNT(DISTINCT case_concept_name) \nFROM event_log \nWHERE amount_last = (SELECT MIN(amount_last) FROM event_log);\n```"": syntax error']",['COUNT(DISTINCT case_concept_name) \n36']
Which case has the highest outstanding balance?,C18395:	801985,C18395,1.0,"['The prediction correctly identifies the case with the highest outstanding balance, C18395, which matches the case identifier in the answer. However, the prediction does not include the actual balance amount (801985). Despite this, the case identification itself directly answers the question being asked.']","['```sql\nSELECT case_concept_name\nFROM event_log\nORDER BY outstanding_balance DESC\nLIMIT 1;\n```', 'SELECT case_concept_name\nFROM event_log\nORDER BY outstanding_balance DESC\nLIMIT 1;']","['near ""```sql\nSELECT case_concept_name\nFROM event_log\nORDER BY outstanding_balance DESC\nLIMIT 1;\n```"": syntax error']",['case_concept_name \nC18395']
What is the average outstanding balance per case?,5571.34701,7044.224847275901,0.0,"[""The prediction provides an average outstanding balance of 7044.224847275901, which differs from the solution's stated value of 5571.34701. The content of the prediction does not match the solution, resulting in a score of 0.""]",['SELECT AVG(outstanding_balance) AS average_outstanding_balance FROM event_log;'],[],['average_outstanding_balance \n7044.224847275901']
What are the top 10 cases whith the highest outstanding balance?,"The top 9 cases with the highest outstanding balance are:
C18395: 801985,
C15814: 800000,
C21853: 754600,
C22583: 754600,
C20473: 368450,
C21090: 368450,
C22584: 345150,
C17345: 325290,
The 10th place is shared with a value of 222000 among the cases:
C22820,C21546,C22704,C22740,C22283,","The top 10 cases with the highest outstanding balance are:

1. C18395 with an outstanding balance of 801985
2. C15814 with an outstanding balance of 800000
3. C21853 with an outstanding balance of 754600
4. C22583 with an outstanding balance of 754600
5. C20473 with an outstanding balance of 368450
6. C21090 with an outstanding balance of 368450
7. C22584 with an outstanding balance of 345150
8. C17345 with an outstanding balance of 325290
9. C21546 with an outstanding balance of 222000
10. C22283 with an outstanding balance of 222000",1.0,"['The prediction correctly identifies the first eight cases and their outstanding balances. However, it lists C21546 and C22283 as the 9th and 10th individual cases with a balance of 222000, whereas the solution indicates that the 10th place is shared among multiple cases, with C21546 and C22283 being part of a group rather than individual entries. Therefore, while the total value is correct, the interpretation and presentation of shared cases for the 10th position lead to a slight discrepancy. The prediction still answers a significant portion of the question accurately.']","['```sql\nSELECT case_concept_name, outstanding_balance\nFROM event_log\nGROUP BY case_concept_name\nORDER BY outstanding_balance DESC\nLIMIT 10;\n```', 'SELECT case_concept_name, outstanding_balance\nFROM event_log\nGROUP BY case_concept_name\nORDER BY outstanding_balance DESC\nLIMIT 10;']","['near ""```sql\nSELECT case_concept_name, outstanding_balance\nFROM event_log\nGROUP BY case_concept_name\nORDER BY outstanding_balance DESC\nLIMIT 10;\n```"": syntax error']",['case_concept_name|outstanding_balance \nC18395 | 801985 \nC15814 | 800000 \nC21853 | 754600 \nC22583 | 754600 \nC20473 | 368450 \nC21090 | 368450 \nC22584 | 345150 \nC17345 | 325290 \nC21546 | 222000 \nC22283 | 222000']
How many cases have paid nothing?,80656,80656,2.0,"['The prediction provides the exact numerical value as the solution, which directly answers the question about how many cases have paid nothing. The content is an exact match.']","['```sql\nSELECT COUNT(DISTINCT case_concept_name) \nFROM event_log \nWHERE paid_nothing = 1;\n```', 'SELECT COUNT(DISTINCT case_concept_name) \nFROM event_log \nWHERE paid_nothing = 1;']","['near ""```sql\nSELECT COUNT(DISTINCT case_concept_name) \nFROM event_log \nWHERE paid_nothing = 1;\n```"": syntax error']",['COUNT(DISTINCT case_concept_name) \n80656']
What is the percentage of cases which have paid nothing?,0.5363 or 53.63%,230.73%,0.0,"['The prediction provides a percentage of 230.73%, which is not logically possible for this context, as percentages above 100% for a proportion are invalid. The provided answer is 53.63%, which is the correct interpretation of the question asked. The prediction is incorrect and does not address the question accurately.']","['```sql\nSELECT \n    (SUM(CASE WHEN paid_nothing = 1 THEN 1 ELSE 0 END) * 100.0 / COUNT(DISTINCT case_concept_name)) AS percentage_paid_nothing\nFROM \n    event_log;\n```', 'SELECT \n    (SUM(CASE WHEN paid_nothing = 1 THEN 1 ELSE 0 END) * 100.0 / COUNT(DISTINCT case_concept_name)) AS percentage_paid_nothing\nFROM \n    event_log;']","['near ""```sql\nSELECT \n    (SUM(CASE WHEN paid_nothing = 1 THEN 1 ELSE 0 END) * 100.0 / COUNT(DISTINCT case_concept_name)) AS percentage_paid_nothing\nFROM \n    event_log;\n```"": syntax error']",['percentage_paid_nothing \n230.72554365897452']
How many cases have overpaid?,2215,2215,2.0,"['The prediction matches the exact value provided in the solution. Both indicate that the number of cases that have overpaid is 2215. Therefore, the prediction accurately answers the question with the correct content.']","['```sql\nSELECT COUNT(DISTINCT case_concept_name) \nFROM event_log \nWHERE overpaid = 1;\n```', 'SELECT COUNT(DISTINCT case_concept_name) FROM event_log WHERE overpaid = 1;']","['near ""```sql\nSELECT COUNT(DISTINCT case_concept_name) \nFROM event_log \nWHERE overpaid = 1;\n```"": syntax error']",['COUNT(DISTINCT case_concept_name) \n2215']
What is the percentage of cases which have overpaid?,0.01473 or 1.473%,6.16%,0.0,"['The prediction states that 6.16% of cases have overpaid, while the solution indicates that the correct percentage is 0.01473 or 1.473%. The two percentages differ significantly, such that the prediction does not match the solution.']","['```sql\nSELECT \n    (CAST(SUM(CASE WHEN overpaid = 1 THEN 1 ELSE 0 END) AS FLOAT) / COUNT(DISTINCT case_concept_name)) * 100 AS percentage_overpaid_cases\nFROM \n    event_log;\n```', 'SELECT \n    (CAST(SUM(CASE WHEN overpaid = 1 THEN 1 ELSE 0 END) AS FLOAT) / COUNT(DISTINCT case_concept_name)) * 100 AS percentage_overpaid_cases\nFROM \n    event_log;']","['near ""```sql\nSELECT \n    (CAST(SUM(CASE WHEN overpaid = 1 THEN 1 ELSE 0 END) AS FLOAT) / COUNT(DISTINCT case_concept_name)) * 100 AS percentage_overpaid_cases\nFROM \n    event_log;\n```"": syntax error']",['percentage_overpaid_cases \n6.161468378000931']
How many cases have underpaid?,90066,90066,2.0,"['The prediction matches the answer exactly in terms of content. Both the prediction and the answer provide the same number, 90066, which directly answers the question asked.']","['```sql\nSELECT COUNT(DISTINCT case_concept_name) AS underpaid_cases_count\nFROM event_log\nWHERE underpaid = 1;\n```', 'SELECT COUNT(DISTINCT case_concept_name) AS underpaid_cases_count\nFROM event_log\nWHERE underpaid = 1;']","['near ""```sql\nSELECT COUNT(DISTINCT case_concept_name) AS underpaid_cases_count\nFROM event_log\nWHERE underpaid = 1;\n```"": syntax error']",['underpaid_cases_count \n90066']
What is the percentage of cases which have underpaid?,0.5989 or 59.89%,59.90%,2.0,['The prediction of 59.90% is very close to the solution of 59.89%. The difference is negligible and can be attributed to rounding. The prediction accurately reflects the solution in terms of content and effectively answers the question.'],['SELECT \n    (COUNT(DISTINCT case_concept_name) FILTER (WHERE underpaid = 1) * 100.0 / COUNT(DISTINCT case_concept_name)) AS underpaid_percentage\nFROM \n    event_log;'],[],['underpaid_percentage \n59.89625590210813']
Which case has overpaid the highest amount?,S109961,S109961,2.0,"['The prediction directly names the specific case, S109961, which corresponds exactly to the case listed in the solution. Therefore, the content of the prediction is an exact match to the answer provided for the question asked.']","['```sql\nSELECT case_concept_name, MAX(overpaid_amount) AS max_overpaid_amount\nFROM event_log\nWHERE overpaid = 1\nGROUP BY case_concept_name\nORDER BY max_overpaid_amount DESC\nLIMIT 1;\n```', 'SELECT case_concept_name\nFROM event_log\nWHERE overpaid = 1\nGROUP BY case_concept_name\nORDER BY MAX(overpaid_amount) DESC\nLIMIT 1;']","['near ""```sql\nSELECT case_concept_name, MAX(overpaid_amount) AS max_overpaid_amount\nFROM event_log\nWHERE overpaid = 1\nGROUP BY case_concept_name\nORDER BY max_overpaid_amount DESC\nLIMIT 1;\n```"": syntax error']",['case_concept_name \nS109961']
What is the overpaid amount of the case with the highest overpaid amount?,393525,No Answer Possible,0.0,[],"['```sql\nSELECT overpaid_amount\nFROM event_log\nGROUP BY case_concept_name\nORDER BY MAX(overpaid_amount) DESC\nLIMIT 1;\n```', '```sql\nSELECT overpaid_amount\nFROM event_log\nWHERE case_concept_name = (\n    SELECT case_concept_name\n    FROM event_log\n    GROUP BY case_concept_name\n    ORDER BY MAX(overpaid_amount) DESC\n    LIMIT 1\n);\n```', '```sql\nSELECT overpaid_amount\nFROM event_log\nWHERE case_concept_name = (\n    SELECT case_concept_name\n    FROM event_log\n    GROUP BY case_concept_name\n    ORDER BY MAX(overpaid_amount) DESC\n    LIMIT 1\n)\nLIMIT 1;\n```']","['near ""```sql\nSELECT overpaid_amount\nFROM event_log\nGROUP BY case_concept_name\nORDER BY MAX(overpaid_amount) DESC\nLIMIT 1;\n```"": syntax error', 'near ""```sql\nSELECT overpaid_amount\nFROM event_log\nWHERE case_concept_name = (\n    SELECT case_concept_name\n    FROM event_log\n    GROUP BY case_concept_name\n    ORDER BY MAX(overpaid_amount) DESC\n    LIMIT 1\n);\n```"": syntax error', 'near ""```sql\nSELECT overpaid_amount\nFROM event_log\nWHERE case_concept_name = (\n    SELECT case_concept_name\n    FROM event_log\n    GROUP BY case_concept_name\n    ORDER BY MAX(overpaid_amount) DESC\n    LIMIT 1\n)\nLIMIT 1;\n```"": syntax error']",[]
Which case has the highest underpaid amount?,C18395,C18395,2.0,['The prediction matches the answer exactly in terms of content. Both the prediction and the answer identify case C18395 as the one with the highest underpaid amount. This is a direct match and answers the question fully.'],"['```sql\nSELECT case_concept_name\nFROM event_log\nGROUP BY case_concept_name\nORDER BY MAX(underpaid_amount) DESC\nLIMIT 1;\n```', 'SELECT case_concept_name\nFROM event_log\nGROUP BY case_concept_name\nORDER BY MAX(underpaid_amount) DESC\nLIMIT 1;']","['near ""```sql\nSELECT case_concept_name\nFROM event_log\nGROUP BY case_concept_name\nORDER BY MAX(underpaid_amount) DESC\nLIMIT 1;\n```"": syntax error']",['case_concept_name \nC18395']
What is the underpaid amount of the case with the highest underpaid amount?,801985,801985,2.0,"['The prediction matches the solution exactly, both providing the underpaid amount of 801985 for the case with the highest underpaid amount. The prediction addresses the question directly and accurately.']","['```sql\nSELECT underpaid_amount\nFROM event_log\nWHERE underpaid_amount = (\n    SELECT MAX(underpaid_amount)\n    FROM event_log\n)\nLIMIT 1;\n```', 'SELECT underpaid_amount FROM event_log WHERE underpaid_amount = (SELECT MAX(underpaid_amount) FROM event_log) LIMIT 1;']","['near ""```sql\nSELECT underpaid_amount\nFROM event_log\nWHERE underpaid_amount = (\n    SELECT MAX(underpaid_amount)\n    FROM event_log\n)\nLIMIT 1;\n```"": syntax error']",['underpaid_amount \n801985']
How many cases have only partly paid?,9413,9413,2.0,"['The prediction provides the exact number, 9413, which matches the answer given in the solution. This completely answers the question as asked, indicating that the content of the prediction is an exact match.']","['```sql\nSELECT COUNT(DISTINCT case_concept_name) \nFROM event_log \nWHERE part_paid = 1;\n```', 'SELECT COUNT(DISTINCT case_concept_name) \nFROM event_log \nWHERE part_paid = 1;']","['near ""```sql\nSELECT COUNT(DISTINCT case_concept_name) \nFROM event_log \nWHERE part_paid = 1;\n```"": syntax error']",['COUNT(DISTINCT case_concept_name) \n9413']
What is the percentage of cases which have only partly paid?,0.06259 or 6.259%,6.259892265744497%,2.0,"[""The prediction provides a more precise percentage value of 6.259892265744497%, which is very close to the solution's stated percentage of 6.259%. Although there is a slight difference in precision, the content essentially matches sufficiently to indicate the same percentage, with only an extended decimal. Therefore, the prediction effectively answers the question.""]","['```sql\nSELECT \n    (COUNT(DISTINCT case_concept_name) * 100.0 / (SELECT COUNT(DISTINCT case_concept_name) FROM event_log)) AS partly_paid_percentage\nFROM \n    event_log\nWHERE \n    part_paid = 1;\n```', 'SELECT \n    (COUNT(DISTINCT case_concept_name) * 100.0 / (SELECT COUNT(DISTINCT case_concept_name) FROM event_log)) AS partly_paid_percentage\nFROM \n    event_log\nWHERE \n    part_paid = 1;']","['near ""```sql\nSELECT \n    (COUNT(DISTINCT case_concept_name) * 100.0 / (SELECT COUNT(DISTINCT case_concept_name) FROM event_log)) AS partly_paid_percentage\nFROM \n    event_log\nWHERE \n    part_paid = 1;\n```"": syntax error']",['partly_paid_percentage \n6.259892265744497']
How many cases have paid without an obligation to pay?,6930,6930,2.0,"['The prediction matches the answer exactly. Both the provided answer and the prediction state that 6930 cases have paid without an obligation to pay. Therefore, the prediction directly addresses the question and is a complete match.']","['```sql\nSELECT COUNT(DISTINCT case_concept_name) AS number_of_cases\nFROM event_log\nWHERE paid_without_obligation = 1;\n```', 'SELECT COUNT(DISTINCT case_concept_name) AS number_of_cases\nFROM event_log\nWHERE paid_without_obligation = 1;']","['near ""```sql\nSELECT COUNT(DISTINCT case_concept_name) AS number_of_cases\nFROM event_log\nWHERE paid_without_obligation = 1;\n```"": syntax error']",['number_of_cases \n6930']
What is the percentage of cases which have paid without an obligation to pay?,0.04608 or 4.608%,0.0,0.0,"['The prediction states ""0.0"" as the percentage, which significantly differs from the provided answer of ""0.04608 or 4.608%."" The content of the prediction does not match the solution at all, resulting in a score of 0.']","['```sql\nSELECT \n    (SUM(paid_without_obligation) * 1.0 / COUNT(DISTINCT case_concept_name)) * 100 AS percentage_paid_without_obligation\nFROM \n    event_log;\n```', 'SELECT \n    (SUM(DISTINCT case_concept_name) FILTER (WHERE paid_without_obligation = 1) * 1.0 / COUNT(DISTINCT case_concept_name)) * 100 AS percentage_paid_without_obligation\nFROM \n    event_log;']","['near ""```sql\nSELECT \n    (SUM(paid_without_obligation) * 1.0 / COUNT(DISTINCT case_concept_name)) * 100 AS percentage_paid_without_obligation\nFROM \n    event_log;\n```"": syntax error']",['percentage_paid_without_obligation \n0.0']
How many cases have been credit collected and dismissed?,0,0,2.0,['The prediction precisely matches the number given in the answer. Both indicate that there are 0 cases that have been credit collected and dismissed. The content of the prediction aligns entirely with the answer to the question.'],"['```sql\nSELECT COUNT(DISTINCT case_concept_name) \nFROM event_log \nWHERE credit_collected_AND_dismissed = 1;\n```', 'SELECT COUNT(DISTINCT case_concept_name) FROM event_log WHERE credit_collected_AND_dismissed = 1;']","['near ""```sql\nSELECT COUNT(DISTINCT case_concept_name) \nFROM event_log \nWHERE credit_collected_AND_dismissed = 1;\n```"": syntax error']",['COUNT(DISTINCT case_concept_name) \n0']
How many cases have been fully paid?,60304,60304,2.0,"['The prediction provides the exact number of cases that have been fully paid, which is 60304. This matches the solution exactly in terms of content and directly answers the question asked.']","['```sql\nSELECT COUNT(DISTINCT case_concept_name) \nFROM event_log \nWHERE fully_paid = 1;\n```', 'SELECT COUNT(DISTINCT case_concept_name) \nFROM event_log \nWHERE fully_paid = 1;']","['near ""```sql\nSELECT COUNT(DISTINCT case_concept_name) \nFROM event_log \nWHERE fully_paid = 1;\n```"": syntax error']",['COUNT(DISTINCT case_concept_name) \n60304']
What is the percentage of cases which have been fully paid?,0.40103 or 40.103%,107.20%,0.0,"['The prediction provides a percentage of 107.20%, which is not logically possible for a percentage representing cases that have been fully paid, as percentages over 100% do not make sense in this context. The solution indicates that 40.103% of cases have been fully paid. The prediction does not match the content provided in the solution at all.']","['```sql\nSELECT \n    (SUM(CASE WHEN fully_paid = 1 THEN 1 ELSE 0 END) * 100.0 / COUNT(DISTINCT case_concept_name)) AS percentage_fully_paid_cases\nFROM \n    event_log;\n```', 'SELECT \n    (SUM(CASE WHEN fully_paid = 1 THEN 1 ELSE 0 END) * 100.0 / COUNT(DISTINCT case_concept_name)) AS percentage_fully_paid_cases\nFROM \n    event_log;']","['near ""```sql\nSELECT \n    (SUM(CASE WHEN fully_paid = 1 THEN 1 ELSE 0 END) * 100.0 / COUNT(DISTINCT case_concept_name)) AS percentage_fully_paid_cases\nFROM \n    event_log;\n```"": syntax error']",['percentage_fully_paid_cases \n107.20289951453083']
How many cases have fully paid and been credit collected?,3,3,2.0,"['The prediction provides the correct numerical answer, ""3,"" which matches the solution provided in the question. This directly answers the question asked regarding the number of cases that have fully paid and been credit collected.']","['```sql\nSELECT COUNT(DISTINCT case_concept_name) AS fully_paid_and_credit_collected_cases\nFROM event_log\nWHERE credit_collected_AND_fully_paid = 1;\n```', 'SELECT COUNT(DISTINCT case_concept_name) AS fully_paid_and_credit_collected_cases\nFROM event_log\nWHERE credit_collected_AND_fully_paid = 1;']","['near ""```sql\nSELECT COUNT(DISTINCT case_concept_name) AS fully_paid_and_credit_collected_cases\nFROM event_log\nWHERE credit_collected_AND_fully_paid = 1;\n```"": syntax error']",['fully_paid_and_credit_collected_cases \n3']
How many cases have been dimissed and fully paid?,1,1,2.0,"['The prediction provides the exact number, 1, which matches the solution exactly. Both the prediction and the solution answer the question accurately and concisely with the same numerical response.']","['```sql\nSELECT COUNT(DISTINCT case_concept_name) \nFROM event_log \nWHERE dismissed_AND_fully_paid = 1;\n```', 'SELECT COUNT(DISTINCT case_concept_name) \nFROM event_log \nWHERE dismissed_AND_fully_paid = 1;']","['near ""```sql\nSELECT COUNT(DISTINCT case_concept_name) \nFROM event_log \nWHERE dismissed_AND_fully_paid = 1;\n```"": syntax error']",['COUNT(DISTINCT case_concept_name) \n1']
How many cases are unresolved?,28984,28984,2.0,"['The prediction contains the exact numerical value as the solution provided, directly answering the question about how many cases are unresolved. The content is an exact match to the solution.']","['```sql\nSELECT COUNT(DISTINCT case_concept_name) AS unresolved_cases_count\nFROM event_log\nWHERE unresolved = 1;\n```', 'SELECT COUNT(DISTINCT case_concept_name) AS unresolved_cases_count\nFROM event_log\nWHERE unresolved = 1;']","['near ""```sql\nSELECT COUNT(DISTINCT case_concept_name) AS unresolved_cases_count\nFROM event_log\nWHERE unresolved = 1;\n```"": syntax error']",['unresolved_cases_count \n28984']
What is the percentage of cases which are unresolved?,0.19275 or 19.275%,59.40%,0.0,"['The prediction states that the percentage of unresolved cases is 59.40%, while the answer indicates it is 19.275%. These percentages differ significantly, indicating that the prediction does not accurately reflect the answer provided. Therefore, the prediction does not match the content of the solution.']","['```sql\nSELECT \n    (SUM(unresolved) * 100.0 / COUNT(DISTINCT case_concept_name)) AS unresolved_percentage\nFROM \n    event_log;\n```', 'SELECT \n    (SUM(unresolved) * 100.0 / COUNT(DISTINCT case_concept_name)) AS unresolved_percentage\nFROM \n    event_log;']","['near ""```sql\nSELECT \n    (SUM(unresolved) * 100.0 / COUNT(DISTINCT case_concept_name)) AS unresolved_percentage\nFROM \n    event_log;\n```"": syntax error']",['unresolved_percentage \n59.40081133204762']
How many cases have a maxtotalPaymentAmount higher than 3000?,66373,66373,2.0,"['The prediction provides the exact same numerical answer as the solution, directly addressing and correctly answering the question about how many cases have a maxtotalPaymentAmount higher than 3000. The content is an exact match.']","['```sql\nSELECT COUNT(DISTINCT case_concept_name) \nFROM event_log \nWHERE maxtotalPaymentAmount > 3000;\n```', 'SELECT COUNT(DISTINCT case_concept_name) \nFROM event_log \nWHERE maxtotalPaymentAmount > 3000;']","['near ""```sql\nSELECT COUNT(DISTINCT case_concept_name) \nFROM event_log \nWHERE maxtotalPaymentAmount > 3000;\n```"": syntax error']",['COUNT(DISTINCT case_concept_name) \n66373']
How many cases have a maxtotalPaymentAmount higher than 4000?,23728,23728,2.0,"['The prediction exactly matches the answer given in the solution. Both the prediction and the answer state that there are 23,728 cases with a maxtotalPaymentAmount higher than 4000. The content matches perfectly with the question asked.']","['```sql\nSELECT COUNT(DISTINCT case_concept_name) \nFROM event_log \nWHERE maxtotalPaymentAmount > 4000;\n```', 'SELECT COUNT(DISTINCT case_concept_name) \nFROM event_log \nWHERE maxtotalPaymentAmount > 4000;']","['near ""```sql\nSELECT COUNT(DISTINCT case_concept_name) \nFROM event_log \nWHERE maxtotalPaymentAmount > 4000;\n```"": syntax error']",['COUNT(DISTINCT case_concept_name) \n23728']
How many cases have a maxtotalPaymentAmount higher than 50000?,76,76,2.0,"['The prediction correctly identifies the number of cases with a `maxtotalPaymentAmount` higher than 50,000 as 76, which matches the solution provided. Therefore, the prediction is an exact content match with the solution.']","['```sql\nSELECT COUNT(DISTINCT case_concept_name) \nFROM event_log \nWHERE maxtotalPaymentAmount > 50000;\n```', 'SELECT COUNT(DISTINCT case_concept_name) \nFROM event_log \nWHERE maxtotalPaymentAmount > 50000;']","['near ""```sql\nSELECT COUNT(DISTINCT case_concept_name) \nFROM event_log \nWHERE maxtotalPaymentAmount > 50000;\n```"": syntax error']",['COUNT(DISTINCT case_concept_name) \n76']
How many cases have a maxtotalPaymentAmount higher than 81000?,9,9,2.0,"['The prediction matches the actual number of cases with a maxtotalPaymentAmount higher than 81000, as stated in the solution. Both the prediction and the solution answer the question with the number 9, making it an exact match in terms of content.']","['```sql\nSELECT COUNT(DISTINCT case_concept_name) \nFROM event_log \nWHERE maxtotalPaymentAmount > 81000;\n```', 'SELECT COUNT(DISTINCT case_concept_name) \nFROM event_log \nWHERE maxtotalPaymentAmount > 81000;']","['near ""```sql\nSELECT COUNT(DISTINCT case_concept_name) \nFROM event_log \nWHERE maxtotalPaymentAmount > 81000;\n```"": syntax error']",['COUNT(DISTINCT case_concept_name) \n9']
How many cases have a maxtotalPaymentAmount lower than 1000?,80670,80670,2.0,"['The prediction directly provides the number 80670, which is exactly the same as the solution to the question. The prediction matches the content of the answer completely.']","['```sql\nSELECT COUNT(DISTINCT case_concept_name) \nFROM event_log \nWHERE maxtotalPaymentAmount < 1000;\n```', 'SELECT COUNT(DISTINCT case_concept_name) \nFROM event_log \nWHERE maxtotalPaymentAmount < 1000;']","['near ""```sql\nSELECT COUNT(DISTINCT case_concept_name) \nFROM event_log \nWHERE maxtotalPaymentAmount < 1000;\n```"": syntax error']",['COUNT(DISTINCT case_concept_name) \n80670']
How many cases have a maxtotalPaymentAmount lower than 5900?,134086,134086,2.0,"['The prediction matches the example provided in the question exactly in terms of content, with both indicating that there are 134086 cases with a maxtotalPaymentAmount lower than 5900.']","['```sql\nSELECT COUNT(DISTINCT case_concept_name) \nFROM event_log \nWHERE maxtotalPaymentAmount < 5900;\n```', 'SELECT COUNT(DISTINCT case_concept_name) \nFROM event_log \nWHERE maxtotalPaymentAmount < 5900;']","['near ""```sql\nSELECT COUNT(DISTINCT case_concept_name) \nFROM event_log \nWHERE maxtotalPaymentAmount < 5900;\n```"": syntax error']",['COUNT(DISTINCT case_concept_name) \n134086']
How many cases have a maxtotalPaymentAmount lowerr than 60700?,150306,150306,2.0,"['The prediction matches the solution exactly in terms of content. Both state that 150306 cases have a max total payment amount lower than 60700. Therefore, the prediction is correct and provides the exact content necessary to answer the question.']",['SELECT COUNT(DISTINCT case_concept_name) FROM event_log WHERE maxtotalPaymentAmount < 60700;'],[],['COUNT(DISTINCT case_concept_name) \n150306']
How many cases have an expense_sum higher than 1350?,23914,23914,2.0,"['The prediction directly provides the numerical answer, 23914, which matches the number given in the solution. This is an exact match in terms of content, accurately answering the question.']","['```sql\nSELECT COUNT(DISTINCT case_concept_name) \nFROM event_log \nWHERE expense_sum > 1350;\n```', 'SELECT COUNT(DISTINCT case_concept_name) \nFROM event_log \nWHERE expense_sum > 1350;']","['near ""```sql\nSELECT COUNT(DISTINCT case_concept_name) \nFROM event_log \nWHERE expense_sum > 1350;\n```"": syntax error']",['COUNT(DISTINCT case_concept_name) \n23914']
How many cases have an expense_sum higher equal 1350?,42547,42547,2.0,"['The prediction matches the solution exactly in terms of numerical content, providing the same number, 42547, which directly answers the question. Thus, the content of the prediction is an exact match to the question asked.']","['```sql\nSELECT COUNT(DISTINCT case_concept_name) \nFROM event_log \nWHERE expense_sum >= 1350;\n```', 'SELECT COUNT(DISTINCT case_concept_name) \nFROM event_log \nWHERE expense_sum >= 1350;']","['near ""```sql\nSELECT COUNT(DISTINCT case_concept_name) \nFROM event_log \nWHERE expense_sum >= 1350;\n```"": syntax error']",['COUNT(DISTINCT case_concept_name) \n42547']
How many cases have an expense_sum lower than 671?,54244,54244,2.0,"['The prediction matches the solution exactly in terms of numerical content. Both indicate that there are 54,244 cases with an expense_sum lower than 671, directly addressing the question asked.']",['SELECT COUNT(DISTINCT case_concept_name) \nFROM event_log \nWHERE expense_sum < 671;'],[],['COUNT(DISTINCT case_concept_name) \n54244']
How many cases have an expense_sume lower equal 671?,62742,62742,2.0,"['The prediction matches the solution exactly, providing the same number (62742) for the number of cases with an expense sum lower or equal to 671. This is a direct match in content between the solution and prediction.']","['```sql\nSELECT COUNT(DISTINCT case_concept_name) \nFROM event_log \nWHERE expense_sum <= 671;\n```', 'SELECT COUNT(DISTINCT case_concept_name) \nFROM event_log \nWHERE expense_sum <= 671;']","['near ""```sql\nSELECT COUNT(DISTINCT case_concept_name) \nFROM event_log \nWHERE expense_sum <= 671;\n```"": syntax error']",['COUNT(DISTINCT case_concept_name) \n62742']
How many cases have an amount_last higher than 7400?,28401,28401,2.0,"['The prediction matches the answer exactly in terms of numerical content. Both the prediction and the answer indicate that there are 28,401 cases with an amount_last higher than 7400, which directly answers the question asked.']","['```sql\nSELECT COUNT(DISTINCT case_concept_name) \nFROM event_log \nWHERE amount_last > 7400;\n```', 'SELECT COUNT(DISTINCT case_concept_name) FROM event_log WHERE amount_last > 7400;']","['near ""```sql\nSELECT COUNT(DISTINCT case_concept_name) \nFROM event_log \nWHERE amount_last > 7400;\n```"": syntax error']",['COUNT(DISTINCT case_concept_name) \n28401']
How many cases have an amount_last higher equal 7400?,37575,37575,2.0,"['The prediction matches the solution exactly in terms of content by providing the exact same number, 37575. The prediction addresses the question correctly and provides the correct numerical answer as given in the solution.']","['```sql\nSELECT COUNT(DISTINCT case_concept_name) \nFROM event_log \nWHERE amount_last >= 7400;\n```', 'SELECT COUNT(DISTINCT case_concept_name) \nFROM event_log \nWHERE amount_last >= 7400;']","['near ""```sql\nSELECT COUNT(DISTINCT case_concept_name) \nFROM event_log \nWHERE amount_last >= 7400;\n```"": syntax error']",['COUNT(DISTINCT case_concept_name) \n37575']
How many cases have an amount_last lower than 3936?,64961,64961,2.0,"['The prediction directly matches the answer, both stating that there are 64961 cases with an amount_last lower than 3936. The content provided in the prediction fully addresses the question.']","['```sql\nSELECT COUNT(DISTINCT case_concept_name) \nFROM event_log \nWHERE amount_last < 3936;\n```', 'SELECT COUNT(DISTINCT case_concept_name) \nFROM event_log \nWHERE amount_last < 3936;']","['near ""```sql\nSELECT COUNT(DISTINCT case_concept_name) \nFROM event_log \nWHERE amount_last < 3936;\n```"": syntax error']",['COUNT(DISTINCT case_concept_name) \n64961']
How many cases have an amount_last lower equal 3936?,65851,65851,2.0,"['The prediction matches the solution exactly in numerical content, providing the exact same number of cases (65851) that have an amount_last lower or equal to 3936. Thus, the prediction accurately answers the question as posed.']","['```sql\nSELECT COUNT(DISTINCT case_concept_name) \nFROM event_log \nWHERE amount_last <= 3936;\n```', 'SELECT COUNT(DISTINCT case_concept_name) \nFROM event_log \nWHERE amount_last <= 3936;']","['near ""```sql\nSELECT COUNT(DISTINCT case_concept_name) \nFROM event_log \nWHERE amount_last <= 3936;\n```"": syntax error']",['COUNT(DISTINCT case_concept_name) \n65851']
How many cases have an outstanding_balance lower than 0?,2215,2215,2.0,"['The prediction matches the solution exactly, providing the same number, 2215, for the number of cases with an outstanding balance lower than 0. This directly answers the question asked.']","['```sql\nSELECT COUNT(DISTINCT case_concept_name) \nFROM event_log \nWHERE outstanding_balance < 0;\n```', 'SELECT COUNT(DISTINCT case_concept_name) \nFROM event_log \nWHERE outstanding_balance < 0;']","['near ""```sql\nSELECT COUNT(DISTINCT case_concept_name) \nFROM event_log \nWHERE outstanding_balance < 0;\n```"": syntax error']",['COUNT(DISTINCT case_concept_name) \n2215']
How many cases have an outstanding_balance lower equal 0?,60304,60304,2.0,"['The prediction exactly matches the answer given in the solution, which is 60304. Both provide the same numerical value, directly addressing the question of how many cases have an outstanding balance less than or equal to 0.']","['```sql\nSELECT COUNT(DISTINCT case_concept_name) \nFROM event_log \nWHERE outstanding_balance <= 0;\n```', 'SELECT COUNT(DISTINCT case_concept_name) \nFROM event_log \nWHERE outstanding_balance <= 0;']","['near ""```sql\nSELECT COUNT(DISTINCT case_concept_name) \nFROM event_log \nWHERE outstanding_balance <= 0;\n```"": syntax error']",['COUNT(DISTINCT case_concept_name) \n60304']
How many cases have an outstanding_balance higher than 8700?,24539,24539,2.0,['The prediction exactly matches the solution provided by stating the number of cases with an outstanding balance higher than 8700 as 24539. There is a direct and precise match between the prediction and the solution in terms of numerical content.'],"['```sql\nSELECT COUNT(DISTINCT case_concept_name) \nFROM event_log \nWHERE outstanding_balance > 8700;\n```', 'SELECT COUNT(DISTINCT case_concept_name) \nFROM event_log \nWHERE outstanding_balance > 8700;']","['near ""```sql\nSELECT COUNT(DISTINCT case_concept_name) \nFROM event_log \nWHERE outstanding_balance > 8700;\n```"": syntax error']",['COUNT(DISTINCT case_concept_name) \n24539']
How many cases have an outstanding_balance higher equal 8700?,28598,28598,2.0,"['The prediction provides the exact number, 28598, for cases with an outstanding balance equal to or higher than 8700, which matches the answer given. Therefore, the content of the prediction is an exact match to the question asked.']","['```sql\nSELECT COUNT(DISTINCT case_concept_name) \nFROM event_log \nWHERE outstanding_balance >= 8700;\n```', 'SELECT COUNT(DISTINCT case_concept_name) \nFROM event_log \nWHERE outstanding_balance >= 8700;']","['near ""```sql\nSELECT COUNT(DISTINCT case_concept_name) \nFROM event_log \nWHERE outstanding_balance >= 8700;\n```"": syntax error']",['COUNT(DISTINCT case_concept_name) \n28598']
How many cases have an overpaid_amount higher than 5000?,103,103,2.0,"['The prediction provides the exact number 103, which matches the solution given. This directly answers the question regarding the number of cases with an overpaid amount higher than 5000. The content of the prediction is an exact match to the solution.']","['```sql\nSELECT COUNT(DISTINCT case_concept_name) \nFROM event_log \nWHERE overpaid_amount > 5000;\n```', 'SELECT COUNT(DISTINCT case_concept_name) \nFROM event_log \nWHERE overpaid_amount > 5000;']","['near ""```sql\nSELECT COUNT(DISTINCT case_concept_name) \nFROM event_log \nWHERE overpaid_amount > 5000;\n```"": syntax error']",['COUNT(DISTINCT case_concept_name) \n103']
How many cases have an overpaid_amount higher equal 5000?,104,104,2.0,"['The prediction provides the correct number, 104, which matches exactly with the solution given for the number of cases with an overpaid amount of 5000 or more. The content of the prediction is an exact match to the question asked.']","['```sql\nSELECT COUNT(DISTINCT case_concept_name) \nFROM event_log \nWHERE overpaid_amount >= 5000;\n```', 'SELECT COUNT(DISTINCT case_concept_name) \nFROM event_log \nWHERE overpaid_amount >= 5000;']","['near ""```sql\nSELECT COUNT(DISTINCT case_concept_name) \nFROM event_log \nWHERE overpaid_amount >= 5000;\n```"": syntax error']",['COUNT(DISTINCT case_concept_name) \n104']
How many cases have an overpaid_amount lower than 50?,149472,1317,0.0,"['The prediction states that there are 1,317 cases with an overpaid amount lower than 50, whereas the solution provided indicates there are 149,472 such cases. The discrepancy between these two numbers means that the prediction does not match the solution, thus it is incorrect.']","['```sql\nSELECT COUNT(DISTINCT case_concept_name) \nFROM event_log \nWHERE overpaid = 1 AND overpaid_amount < 50;\n```', 'SELECT COUNT(DISTINCT case_concept_name) \nFROM event_log \nWHERE overpaid = 1 AND overpaid_amount < 50;']","['near ""```sql\nSELECT COUNT(DISTINCT case_concept_name) \nFROM event_log \nWHERE overpaid = 1 AND overpaid_amount < 50;\n```"": syntax error']",['COUNT(DISTINCT case_concept_name) \n1317']
How many cases have an overpaid_amount lower equal 50?,149493,149493,2.0,"['The prediction matches the answer exactly in terms of content. Both the prediction and the answer indicate the same number, 149493, which directly answers the question asked.']","['```sql\nSELECT COUNT(DISTINCT case_concept_name) \nFROM event_log \nWHERE overpaid_amount <= 50;\n```', 'SELECT COUNT(DISTINCT case_concept_name) \nFROM event_log \nWHERE overpaid_amount <= 50;']","['near ""```sql\nSELECT COUNT(DISTINCT case_concept_name) \nFROM event_log \nWHERE overpaid_amount <= 50;\n```"": syntax error']",['COUNT(DISTINCT case_concept_name) \n149493']
How many cases have an underpaid_amount lower than 100?,60647,60647,2.0,"['The prediction provides the exact number of cases as the answer given, which is 60647. This directly and accurately answers the question about the number of cases with an underpaid amount lower than 100.']","['```sql\nSELECT COUNT(DISTINCT case_concept_name) \nFROM event_log \nWHERE underpaid_amount < 100;\n```', 'SELECT COUNT(DISTINCT case_concept_name) \nFROM event_log \nWHERE underpaid_amount < 100;']","['near ""```sql\nSELECT COUNT(DISTINCT case_concept_name) \nFROM event_log \nWHERE underpaid_amount < 100;\n```"": syntax error']",['COUNT(DISTINCT case_concept_name) \n60647']
How many cases have an underpaid_amount lower equal 100?,60673,60673,2.0,"['The prediction provides the exact numerical value as the answer, 60673, which matches the solution to the question perfectly in terms of content, addressing the question fully.']","['```sql\nSELECT COUNT(DISTINCT case_concept_name) \nFROM event_log \nWHERE underpaid_amount <= 100;\n```', 'SELECT COUNT(DISTINCT case_concept_name) \nFROM event_log \nWHERE underpaid_amount <= 100;']","['near ""```sql\nSELECT COUNT(DISTINCT case_concept_name) \nFROM event_log \nWHERE underpaid_amount <= 100;\n```"": syntax error']",['COUNT(DISTINCT case_concept_name) \n60673']
How many cases have an underpaid_amount higher than 8700?,24539,24539,2.0,"['The prediction matches the answer exactly in terms of content, providing the number of cases with an underpaid amount higher than 8700 as 24539. This directly answers the question.']","['```sql\nSELECT COUNT(DISTINCT case_concept_name) \nFROM event_log \nWHERE underpaid_amount > 8700;\n```', 'SELECT COUNT(DISTINCT case_concept_name) \nFROM event_log \nWHERE underpaid_amount > 8700;']","['near ""```sql\nSELECT COUNT(DISTINCT case_concept_name) \nFROM event_log \nWHERE underpaid_amount > 8700;\n```"": syntax error']",['COUNT(DISTINCT case_concept_name) \n24539']
How many cases have an underpaid_amount higher equal 8700?,28598,28598,2.0,"['The prediction matches the answer exactly in terms of content. Both provide the number 28598, which directly answers the question of how many cases have an underpaid amount higher or equal to 8700.']","['```sql\nSELECT COUNT(DISTINCT case_concept_name) \nFROM event_log \nWHERE underpaid_amount >= 8700;\n```', 'SELECT COUNT(DISTINCT case_concept_name) \nFROM event_log \nWHERE underpaid_amount >= 8700;']","['near ""```sql\nSELECT COUNT(DISTINCT case_concept_name) \nFROM event_log \nWHERE underpaid_amount >= 8700;\n```"": syntax error']",['COUNT(DISTINCT case_concept_name) \n28598']
How many cases are fully_paid AND obligation_topay_cancelled OR credit_collected AND obligation_topay_cancelled OR dismissed AND obligation_topay_cancelled ,34183,34183,2.0,"['The prediction matches the answer exactly in terms of content. Both the prediction and the answer provide the same number, 34183, which directly answers the question asked.']","['```sql\nSELECT COUNT(DISTINCT case_concept_name) \nFROM event_log \nWHERE (fully_paid = 1 AND obligation_topay_cancelled = 1) \n   OR (credit_collected = 1 AND obligation_topay_cancelled = 1) \n   OR (dismissed = 1 AND obligation_topay_cancelled = 1);\n```', 'SELECT COUNT(DISTINCT case_concept_name) \nFROM event_log \nWHERE (fully_paid = 1 AND obligation_topay_cancelled = 1) \n   OR (credit_collected = 1 AND obligation_topay_cancelled = 1) \n   OR (dismissed = 1 AND obligation_topay_cancelled = 1);']","['near ""```sql\nSELECT COUNT(DISTINCT case_concept_name) \nFROM event_log \nWHERE (fully_paid = 1 AND obligation_topay_cancelled = 1) \n   OR (credit_collected = 1 AND obligation_topay_cancelled = 1) \n   OR (dismissed = 1 AND obligation_topay_cancelled = 1);\n```"": syntax error']",['COUNT(DISTINCT case_concept_name) \n34183']
How many cases have penalty_added == True AND unresolved == True AND underpaid_amount > 0 AND obligation_topay_cancelled == True?,3762,3762,2.0,"['The prediction matches the answer exactly by providing the same number, 3762, which directly answers the complex conditional question. The content is an exact match to the question asked.']","['```sql\nSELECT COUNT(DISTINCT case_concept_name) \nFROM event_log \nWHERE penalty_added = 1 \n  AND unresolved = 1 \n  AND underpaid_amount > 0 \n  AND obligation_topay_cancelled = 1;\n```', 'SELECT COUNT(DISTINCT case_concept_name) \nFROM event_log \nWHERE penalty_added = 1 \n  AND unresolved = 1 \n  AND underpaid_amount > 0 \n  AND obligation_topay_cancelled = 1;']","['near ""```sql\nSELECT COUNT(DISTINCT case_concept_name) \nFROM event_log \nWHERE penalty_added = 1 \n  AND unresolved = 1 \n  AND underpaid_amount > 0 \n  AND obligation_topay_cancelled = 1;\n```"": syntax error']",['COUNT(DISTINCT case_concept_name) \n3762']
How many cases have dismissed == False AND both appeal_judge_cancelled and appeal_prefecture_cancelled == True AND dismissed_by_other == True?,0,0,2.0,"['The prediction matches the solution exactly by stating that there are 0 cases that meet the specified criteria in the question. Both the prediction and the solution provide the same numeric value, 0.']","['```sql\nSELECT COUNT(DISTINCT case_concept_name) \nFROM event_log \nWHERE dismissed = 0 \nAND appeal_judge_cancelled = 1 \nAND appeal_prefecture_cancelled = 1 \nAND dismissed_by_other = 1;\n```', 'SELECT COUNT(DISTINCT case_concept_name) \nFROM event_log \nWHERE dismissed = 0 \nAND appeal_judge_cancelled = 1 \nAND appeal_prefecture_cancelled = 1 \nAND dismissed_by_other = 1;']","['near ""```sql\nSELECT COUNT(DISTINCT case_concept_name) \nFROM event_log \nWHERE dismissed = 0 \nAND appeal_judge_cancelled = 1 \nAND appeal_prefecture_cancelled = 1 \nAND dismissed_by_other = 1;\n```"": syntax error']",['COUNT(DISTINCT case_concept_name) \n0']
How many cases have dismissed == False AND either appeal_judge_cancelled == True OR appeal_prefecture_cancelled == True AND dismissed_by_other == True?,5,5,2.0,"['The prediction exactly matches the provided answer, with both indicating that there are 5 such cases. The numerical content directly answers the question, making the prediction an exact match.']","['```sql\nSELECT COUNT(DISTINCT case_concept_name) \nFROM event_log \nWHERE dismissed = 0 \nAND (appeal_judge_cancelled = 1 OR appeal_prefecture_cancelled = 1) \nAND dismissed_by_other = 1;\n```', 'SELECT COUNT(DISTINCT case_concept_name) \nFROM event_log \nWHERE dismissed = 0 \nAND (appeal_judge_cancelled = 1 OR appeal_prefecture_cancelled = 1) \nAND dismissed_by_other = 1;']","['near ""```sql\nSELECT COUNT(DISTINCT case_concept_name) \nFROM event_log \nWHERE dismissed = 0 \nAND (appeal_judge_cancelled = 1 OR appeal_prefecture_cancelled = 1) \nAND dismissed_by_other = 1;\n```"": syntax error']",['COUNT(DISTINCT case_concept_name) \n5']
How many cases have dimissed == False AND appeal_judge_cancelled == True AND appeal_prefecture_cancelled == False AND dismissed_by_other ==True?,0,0,2.0,['The prediction matches exactly with the solution provided. Both indicate there are 0 cases that meet the specified conditions. The content of the prediction exactly answers the question asked.'],"['```sql\nSELECT COUNT(DISTINCT case_concept_name) \nFROM event_log \nWHERE dismissed = 0 \n  AND appeal_judge_cancelled = 1 \n  AND appeal_prefecture_cancelled = 0 \n  AND dismissed_by_other = 1;\n```', 'SELECT COUNT(DISTINCT case_concept_name) \nFROM event_log \nWHERE dismissed = 0 \n  AND appeal_judge_cancelled = 1 \n  AND appeal_prefecture_cancelled = 0 \n  AND dismissed_by_other = 1;']","['near ""```sql\nSELECT COUNT(DISTINCT case_concept_name) \nFROM event_log \nWHERE dismissed = 0 \n  AND appeal_judge_cancelled = 1 \n  AND appeal_prefecture_cancelled = 0 \n  AND dismissed_by_other = 1;\n```"": syntax error']",['COUNT(DISTINCT case_concept_name) \n0']
How many cases have dimissed == False AND appeal_judge_cancelled == False AND appeal_prefecture_cancelled == True AND dismissed_by_other ==True?,5,5,2.0,"['The prediction matches the solution exactly by providing the number 5, which directly answers the complex condition stated in the question. The content of the prediction is an exact match with the solution.']","['```sql\nSELECT COUNT(DISTINCT case_concept_name) \nFROM event_log \nWHERE dismissed = 0 \n  AND appeal_judge_cancelled = 0 \n  AND appeal_prefecture_cancelled = 1 \n  AND dismissed_by_other = 1;\n```', 'SELECT COUNT(DISTINCT case_concept_name) \nFROM event_log \nWHERE dismissed = 0 \n  AND appeal_judge_cancelled = 0 \n  AND appeal_prefecture_cancelled = 1 \n  AND dismissed_by_other = 1;']","['near ""```sql\nSELECT COUNT(DISTINCT case_concept_name) \nFROM event_log \nWHERE dismissed = 0 \n  AND appeal_judge_cancelled = 0 \n  AND appeal_prefecture_cancelled = 1 \n  AND dismissed_by_other = 1;\n```"": syntax error']",['COUNT(DISTINCT case_concept_name) \n5']
Which case is underpaid == True AND part_paid == True AND payment_count larger than 4 AND underpaid_amount larger than 150000 AND credit_collected == False AND dismissed == False?,C23364,C23364,2.0,"['The prediction matches the solution exactly, identifying the case as C23364 which precisely answers the complex conditional criteria outlined in the question. The content of the prediction is an exact match to the expected result.']","['```sql\nSELECT case_concept_name\nFROM event_log\nWHERE underpaid = 1\n  AND part_paid = 1\n  AND payment_count > 4\n  AND underpaid_amount > 150000\n  AND credit_collected = 0\n  AND dismissed = 0;\n```', 'SELECT case_concept_name\nFROM event_log\nWHERE underpaid = 1\n  AND part_paid = 1\n  AND payment_count > 4\n  AND underpaid_amount > 150000\n  AND credit_collected = 0\n  AND dismissed = 0;']","['near ""```sql\nSELECT case_concept_name\nFROM event_log\nWHERE underpaid = 1\n  AND part_paid = 1\n  AND payment_count > 4\n  AND underpaid_amount > 150000\n  AND credit_collected = 0\n  AND dismissed = 0;\n```"": syntax error']",['case_concept_name \nC23364 \nC23364 \nC23364 \nC23364 \nC23364 \nC23364 \nC23364 \nC23364 \nC23364']
How many cases have undresolved == True AND obligation_topay_cancelled = False?,13395,13395,2.0,"['The prediction matches the answer exactly, providing the same number, 13395. This directly answers the question asked, indicating how many cases meet the specified conditions. Therefore, the content of the prediction is an exact match.']","['```sql\nSELECT COUNT(DISTINCT case_concept_name) \nFROM event_log \nWHERE unresolved = 1 AND obligation_topay_cancelled = 0;\n```', 'SELECT COUNT(DISTINCT case_concept_name) \nFROM event_log \nWHERE unresolved = 1 AND obligation_topay_cancelled = 0;']","['near ""```sql\nSELECT COUNT(DISTINCT case_concept_name) \nFROM event_log \nWHERE unresolved = 1 AND obligation_topay_cancelled = 0;\n```"": syntax error']",['COUNT(DISTINCT case_concept_name) \n13395']
How many cases have unresolved == True AND obligation_topay_cancelled == False AND underpaid_amount larger than 150000 AND duration larger than 15552000?,2,6,0.0,"['The prediction states there are 6 such cases, while the given answer indicates there are only 2. The contents provided in the prediction and the solution do not match. Therefore, the score is 0, as the prediction does not correct answer the question in terms of content.']","['```sql\nSELECT COUNT(DISTINCT case_concept_name) \nFROM event_log \nWHERE unresolved = 1 \n  AND obligation_topay_cancelled = 0 \n  AND underpaid_amount > 150000 \n  AND duration > 15552000;\n```', 'SELECT COUNT(DISTINCT case_concept_name) \nFROM event_log \nWHERE unresolved = 1 \n  AND obligation_topay_cancelled = 0 \n  AND underpaid_amount > 150000 \n  AND duration > 15552000;']","['near ""```sql\nSELECT COUNT(DISTINCT case_concept_name) \nFROM event_log \nWHERE unresolved = 1 \n  AND obligation_topay_cancelled = 0 \n  AND underpaid_amount > 150000 \n  AND duration > 15552000;\n```"": syntax error']",['COUNT(DISTINCT case_concept_name) \n6']
How many cases are credit collected before 2002-12-24?,9383,20930,0.0,"['The prediction states that there are 20930 cases credit collected before the specified date, whereas the answer indicates there are 9383 such cases. The prediction and the answer do not match, as they provide different numerical values for the same query.']","[""```sql\nSELECT COUNT(DISTINCT case_concept_name) \nFROM event_log \nWHERE credit_collected = 1 \nAND time_timestamp < '2002-12-24';\n```"", ""SELECT COUNT(DISTINCT case_concept_name) \nFROM event_log \nWHERE credit_collected = 1 \nAND time_timestamp < '2002-12-24';""]","['near ""```sql\nSELECT COUNT(DISTINCT case_concept_name) \nFROM event_log \nWHERE credit_collected = 1 \nAND time_timestamp < \'2002-12-24\';\n```"": syntax error']",['COUNT(DISTINCT case_concept_name) \n20930']
How many cases have credit_collected == True AND time_timestamp_end < 2002-12-24?,9383,9383,2.0,"['The prediction provides the exact numerical count, 9383, which matches the solution given in response to the question. Therefore, the prediction accurately answers the question, and the score is 2.']","[""```sql\nSELECT COUNT(DISTINCT case_concept_name) \nFROM event_log \nWHERE credit_collected = 1 \nAND time_timestamp_end < '2002-12-24';\n```"", ""SELECT COUNT(DISTINCT case_concept_name) \nFROM event_log \nWHERE credit_collected = 1 \nAND time_timestamp_end < '2002-12-24';""]","['near ""```sql\nSELECT COUNT(DISTINCT case_concept_name) \nFROM event_log \nWHERE credit_collected = 1 \nAND time_timestamp_end < \'2002-12-24\';\n```"": syntax error']",['COUNT(DISTINCT case_concept_name) \n9383']
