question,example,prediction,SCORE,reasoning,queries,errors,table
How many events are in the log?,561470,1001,0,"['The prediction states there are 1001 events in the log, whereas the solution indicates there are 561470 events. The content of the prediction does not match the solution in terms of the number of events mentioned.']",['SELECT SUM(event_count) AS total_events FROM event_log GROUP BY case_concept_name;'],[],['total_events \n4 \n25 \n25 \n36 \n25 \n4 \n4 \n25 \n36 \n25 \n25 \n25 \n4 \n25 \n25 \n25 \n25 \n25 \n4 \n25 \n4 \n25 \n25 \n4 \n4 \n25 \n25 \n4 \n36 \n25 \n25 \n4 \n25 \n4 \n4 \n25 \n4 \n4 \n4 \n4 \n4 \n25 \n25 \n25 \n25 \n25 \n25 \n25 \n4 \n4 \n25 \n4 \n4 \n4 \n25 \n4 \n4 \n25 \n4 \n4 \n25 \n25 \n4 \n4 \n25 \n25 \n4 \n4 \n25 \n36 \n4 \n25 \n36 \n4 \n4 \n4 \n4 \n25 \n4 \n4 \n4 \n36 \n25 \n25 \n4 \n49 \n25 \n25 \n25 \n25 \n25 \n4 \n25 \n25 \n25 \n25 \n25 \n4 \n4 \n25 \n4 \n25 \n25 \n25 \n25 \n4 \n4 \n4 \n4 \n4 \n25 \n4 \n4 \n25 \n36 \n25 \n36 \n25 \n4 \n4 \n4 \n4 \n25 \n4 \n4 \n4 \n4 \n4 \n4 \n4 \n25 \n25 \n4 \n4 \n25 \n25 \n36 \n25 \n4 \n25 \n25 \n25 \n4 \n25 \n25 \n4 \n4 \n25 \n25 \n4 \n4 \n4 \n4 \n4 \n4 \n4 \n36 \n4 \n25 \n25 \n4 \n4 \n25 \n81 \n25 \n4 \n4 \n25 \n4 \n25 \n4 \n4 \n25 \n4 \n4 \n25 \n4 \n4 \n4 \n4 \n4 \n4 \n4 \n4 \n4 \n4 \n4 \n25 \n4 \n25 \n4 \n4 \n4 \n4 \n25 \n25 \n25 \n25 \n4 \n4 \n4 \n25 \n25 \n4 \n4 \n4 \n25 \n25 \n25 \n25 \n4 \n4 \n25 \n4 \n4 \n25 \n4 \n25 \n4 \n4 \n81 \n4 \n4 \n4 \n4 \n25 \n25 \n4 \n25 \n4 \n4 \n4 \n4 \n4 \n4 \n4 \n25 \n25 \n4 \n4 \n4 \n25 \n4 \n4 \n25 \n25 \n25 \n4 \n4 \n4 \n25 \n25 \n25 \n4 \n25 \n25 \n4 \n4 \n25 \n25 \n36 \n25 \n36 \n4 \n25 \n25 \n25 \n4 \n25 \n25 \n4 \n25 \n4 \n4 \n25 \n25 \n36 \n9 \n25 \n25 \n25 \n25 \n25 \n25 \n25 \n25 \n4 \n9 \n25 \n4 \n25 \n4 \n4 \n4 \n25 \n25 \n25 \n4 \n25 \n4 \n25 \n36 \n4 \n25 \n25 \n25 \n4 \n25 \n4 \n4 \n4 \n25 \n4 \n4 \n25 \n25 \n25 \n25 \n4 \n4 \n25 \n36 \n25 \n25 \n25 \n4 \n4 \n4 \n25 \n4 \n25 \n25 \n4 \n25 \n25 \n4 \n4 \n4 \n4 \n36 \n4 \n4 \n25 \n4 \n25 \n4 \n4 \n4 \n4 \n4 \n4 \n4 \n4 \n25 \n4 \n4 \n25 \n4 \n25 \n4 \n25 \n25 \n25 \n4 \n4 \n25 \n25 \n4 \n9 \n25 \n4 \n25 \n25 \n25 \n25 \n4 \n25 \n4 \n25 \n25 \n25 \n25 \n4 \n25 \n4 \n25 \n25 \n25 \n25 \n4 \n4 \n25 \n4 \n4 \n4 \n4 \n4 \n4 \n4 \n4 \n81 \n25 \n4 \n4 \n25 \n36 \n4 \n4 \n4 \n4 \n4 \n4 \n4 \n4 \n4 \n4 \n4 \n25 \n4 \n25 \n25 \n4 \n36 \n25 \n4 \n4 \n25 \n25 \n4 \n36 \n4 \n25 \n4 \n4 \n25 \n4 \n25 \n25 \n4 \n4 \n25 \n4 \n25 \n25 \n4 \n4 \n25 \n4 \n4 \n4 \n4 \n25 \n25 \n25 \n4 \n25 \n25 \n36 \n4 \n25 \n4 \n4 \n25 \n4 \n36 \n4 \n4 \n25 \n4 \n4 \n4 \n25 \n4 \n25 \n25 \n25 \n36 \n4 \n4 \n4 \n25 \n4 \n36 \n4 \n25 \n4 \n4 \n25 \n25 \n25 \n4 \n4 \n25 \n4 \n4 \n4 \n4 \n4 \n4 \n25 \n4 \n4 \n4 \n4 \n25 \n4 \n25 \n4 \n4 \n4 \n4 \n4 \n4 \n4 \n25 \n4 \n4 \n4 \n4 \n4 \n36 \n4 \n4 \n25 \n4 \n4 \n4 \n4 \n25 \n4 \n4 \n4 \n4 \n25 \n4 \n25 \n4 \n4 \n36 \n25 \n25 \n4 \n4 \n4 \n4 \n4 \n25 \n25 \n4 \n36 \n4 \n4 \n4 \n4 \n25 \n4 \n4 \n25 \n25 \n4 \n4 \n81 \n4 \n4 \n4 \n4 \n4 \n4 \n4 \n4 \n4 \n4 \n4 \n4 \n25 \n4 \n4 \n25 \n25 \n36 \n4 \n25 \n4 \n25 \n25 \n4 \n25 \n4 \n4 \n4 \n4 \n25 \n4 \n4 \n4 \n4 \n36 \n4 \n36 \n25 \n4 \n25 \n25 \n25 \n4 \n25']
When is the start of the event log?,1/1/2000 / 2000-01-01,2000-01-01 00:00:00+00:00,2,"['The prediction provides the start of the event log in a different format (""2000-01-01 00:00:00+00:00"") than the solution (""1/1/2000 / 2000-01-01""). However, both state the same date: January 1, 2000. The prediction includes additional time information, which does not contradict the solution. Since the content matches in terms of the date, the score is 2.']",['SELECT MIN(time_timestamp) AS event_log_start FROM event_log;'],[],['event_log_start \n2000-01-01 00:00:00+00:00']
When is the end of the event log?,6/18/2013/ 2013-06-18,2013-06-18 00:00:00+00:00,2,"['The prediction provides the date of the end of the event log as ""2013-06-18 00:00:00+00:00,"" which matches the date given in the answer ""6/18/2013/ 2013-06-18,"" considering minor formatting differences. Both indicate the same end date of the event log.']",['SELECT MAX(time_timestamp_end) AS end_of_event_log FROM event_log;'],[],['end_of_event_log \n2013-06-18 00:00:00+00:00']
How many cases have sent an appeal to the Prefecture?,4141,4188,1,"['The prediction states that there are 4188 cases that have sent an appeal to the Prefecture, while the answer indicates there are 4141 such cases. The prediction is close but not exactly the same as the answer. Thus, the score is 1, indicating that the prediction answers the question in part but not exactly.']",['SELECT COUNT(DISTINCT case_concept_name) AS cases_sent_appeal_to_prefecture FROM event_log WHERE appealed_to_prefecture = 1;'],[],['cases_sent_appeal_to_prefecture \n4188']
How many event types are there?,11,There are 11 unique event types.,2,"['The prediction states that there are 11 unique event types, which matches the answer provided. Both indicate the same number of event types, directly addressing the question asked.']",['SELECT COUNT(DISTINCT concept_name) AS unique_event_types FROM event_log;'],[],['unique_event_types \n11']
How many times do each of the vehicleClasses occur?,"A    146712
C      2456
M      1198
R         4","The occurrence counts for each vehicle class are as follows: None occurs 411,100 times, A occurs 146,712 times, C occurs 2,456 times, M occurs 1,198 times, and R occurs 4 times.",1,"['The prediction lists the occurrence counts for each vehicle class and matches the solution with respect to vehicle classes A, C, M, and R. However, the prediction includes an additional unknown vehicle class ""None"" with a count of 411,100, which is not mentioned in the solution. Despite this discrepancy, the prediction provides accurate counts for the vehicle classes in the solution. Given that it accurately addresses the main content of the question regarding the counts for each listed class in the solution, the score is 1, acknowledging that most of the required information matches, with a minor inconsistency.']","['SELECT vehicleClass, COUNT(*) AS occurrence_count FROM event_log GROUP BY vehicleClass;']",[],['vehicleClass|occurrence_count \nNone | 411100 \nA | 146712 \nC | 2456 \nM | 1198 \nR | 4']
How many dismissal types are there?,26,There are 26 unique dismissal types.,2,"['The prediction matches the answer exactly in terms of content, stating that there are 26 unique dismissal types, which aligns with the example given. Therefore, the prediction fully answers the question.']",['SELECT COUNT(DISTINCT dismissal) AS unique_dismissal_types FROM event_log;'],[],['unique_dismissal_types \n26']
How many times do each of the dismissal types occur?,NIL 152484 # 1980 A 213 T 111 G 93 D 36 I 29 N 28 U 11 V 10 5 10 C 10 @ 9 E 7 Z 6 M 5 F 4 R 4 3 3 K 3 B 2 $ 2 2 2 4 2 Q 1 J 1,"The dismissal types occur as follows: '#' occurs 1980 times, 'G' occurs 93 times, and 'NIL' occurs 152484 times.",1,"[""The prediction provides partial information about the dismissal types and their occurrences. It only includes the counts for '#', 'G', and 'NIL', while the solution lists many more types and counts. Since the prediction answers parts of the question but not all of it, the score is 1.""]","[""SELECT dismissal AS dismissal_type, COUNT(*) AS count FROM event_log WHERE dismissal IN ('G', '#', 'NIL') GROUP BY dismissal;""]",[],['dismissal_type|count \n# | 1980 \nG | 93 \nNIL | 152484']
How many cases have been dismissed by the prefecture?,1980,1980,2,"['The prediction exactly matches the answer with the numerical value 1980, which directly addresses the question of how many cases have been dismissed by the prefecture. The content is an exact match.']",['SELECT COUNT(DISTINCT case_concept_name) AS dismissed_cases_count FROM event_log WHERE dismissed_by_prefecture = 1;'],[],['dismissed_cases_count \n1980']
How many cases have been dismissed by the judge?,93,93,2,"['The prediction matches the answer exactly in terms of content, both stating the number of cases dismissed by the judge as 93. This directly answers the question asked.']",['SELECT COUNT(DISTINCT case_concept_name) AS dismissed_cases_count FROM event_log WHERE dismissed_by_judge = 1;'],[],['dismissed_cases_count \n93']
What is the percentage of cases which have been dismissed by the judge?,0.0006 or  0.06188%,6.18%,0,"['The prediction states that 6.18% of cases have been dismissed by the judge, which does not match either of the figures provided in the answer (0.0006 or 0.06188%). The prediction is significantly different from the correct percentage provided in the solution. Therefore, the prediction does not accurately address the content of the question.']","['SELECT\n    (COUNT(CASE WHEN dismissed_by_judge = 1 THEN 1 END) * 100.0 / COUNT(DISTINCT case_concept_name)) AS dismissal_percentage\nFROM\n    (SELECT DISTINCT case_concept_name, dismissed_by_judge FROM event_log) AS grouped_cases;']",[],['dismissal_percentage \n0.061847442973997475']
What is the percentage of cases which have been dismissed by the prefecture?,0.0131 or 1.334%,7.84%,0,"['The prediction states that 7.84% of cases have been dismissed by the prefecture, while the solution provides a percentage of 1.334%. The predicted percentage is significantly different from the provided solution. Thus, the prediction does not match the answer given in the solution.']",['SELECT (COUNT(CASE WHEN dismissed_by_prefecture = 1 THEN 1 END) * 100.0 / COUNT(DISTINCT case_concept_name)) AS percentage_dismissed FROM event_log;'],[],['percentage_dismissed \n7.839329653521314']
How many cases have been dismissed?,2073,2073,2,"['The prediction matches the solution exactly and provides the correct number of cases that have been dismissed, as asked in the question. Both the prediction and the solution indicate the same number, 2073.']",['SELECT COUNT(DISTINCT case_concept_name) AS dismissed_cases_count FROM event_log WHERE dismissed = 1;'],[],['dismissed_cases_count \n2073']
What is the percentage of cases which have been dismissed?,0.01378 or 1.378%,1.38%,2,"[""The prediction provides the percentage of dismissed cases as 1.38%, which closely approximates the solution's value of 1.378%. Given the small rounding difference, the prediction effectively answers the question with all essential content matching.""]","['SELECT (COUNT(CASE WHEN dismissed = 1 THEN 1 END) * 100.0 / COUNT(*)) AS dismissal_percentage FROM (SELECT DISTINCT case_concept_name, dismissed FROM event_log)']",[],['dismissal_percentage \n1.37859945467846']
How many cases have appealed to the judge?,555,555,2,"['The prediction directly matches the answer, providing the exact number of cases that have appealed to the judge as stated in the solution. The content of the prediction is an exact match to the question asked.']",['SELECT COUNT(DISTINCT case_concept_name) AS total_cases_appealed_to_judge FROM event_log WHERE appealed_to_judge = 1;'],[],['total_cases_appealed_to_judge \n555']
What is the percentage of cases which have appealed to the judge?,0.00369 or 0.369%,2.63%,0,"['The prediction states that 2.63% of cases have appealed to the judge, while the solution specifies that 0.369% have done so. The difference in these percentages is significant, and therefore, the prediction does not match the solution in terms of content.']",['SELECT (COUNT(CASE WHEN appealed_to_judge = 1 THEN 1 END) * 100.0 / COUNT(DISTINCT case_concept_name)) AS percentage_appealed_to_judge\nFROM event_log;'],[],['percentage_appealed_to_judge \n2.630843918334774']
How many cases have appealed to the prefecture?,4188,4188,2,"['The prediction provides the exact numerical answer ""4188,"" which matches the solution provided. The prediction fully addresses the question with the correct number of cases that have appealed to the prefecture.']",['SELECT COUNT(DISTINCT case_concept_name) AS total_cases_appealed_to_prefecture FROM event_log WHERE appealed_to_prefecture = 1;'],[],['total_cases_appealed_to_prefecture \n4188']
Whas is the precentage of cases which have appealed to the prefecture?,0.02785 or 2.785%,2.79%,2,"['The prediction provides a percentage of 2.79%, which is a rounded version of the provided solution of 2.785%. The prediction accurately reflects the content of the solution, albeit with a slight rounding. Since this rounding does not change the answer in a meaningful way, the prediction sufficiently matches the solution.']","['SELECT (COUNT(CASE WHEN appealed_to_prefecture = 1 THEN 1 END) * 100.0 / COUNT(DISTINCT case_concept_name)) AS percentage_appealed_to_prefecture\nFROM (SELECT DISTINCT case_concept_name, appealed_to_prefecture FROM event_log)']",[],['percentage_appealed_to_prefecture \n2.785130012635499']
How many cases have had their appeal rejected by the judge?,462,149908,0,"['The prediction states that 149,908 cases have had their appeal rejected by the judge, whereas the solution states the number is 462. The prediction does not match the provided solution and significantly differs in content. Therefore, the prediction is incorrect.']",['SELECT COUNT(DISTINCT case_concept_name) AS rejected_appeals_count FROM event_log WHERE appeal_judge_cancelled = 0;'],[],['rejected_appeals_count \n149908']
How many cases have had their appeal rejected by the prefecture?,2208,148162,0,"['The prediction states that 148,162 cases have had their appeal rejected by the prefecture, while the example in the question provides the number as 2,208. There is a significant mismatch between the prediction and the correct answer, making the prediction incorrect.']",['SELECT COUNT(DISTINCT case_concept_name) AS rejected_appeals_count FROM event_log WHERE appeal_prefecture_cancelled = 0;'],[],['rejected_appeals_count \n148162']
Which case has the highest expense sum?,S183468 and  S176946 both having 7600,"The case with the highest expense sum is S176946, with an expense sum of 7600.",1,"['The prediction identifies one of the cases (S176946) correctly and provides the correct expense sum of 7600. However, the prediction misses the fact that there is another case (S183468) with the same highest expense sum. Thus, the prediction partially resolves the question by mentioning only one of the cases, not both.']","['SELECT case_concept_name, expense_sum FROM event_log ORDER BY expense_sum DESC LIMIT 1;']",[],['case_concept_name|expense_sum \nS176946 | 7600']
What are the top 10 cases with the highest expense sum?,"The Top 7 are:
S176946:	7600
S183468:	7600
S182605:	7500
S189726:	6000
P220:	6000
S181646:	6000
S185752:	5088

Then there are 8 cases which all have 4600 these are:
P4461,
S190328,
S182039,
S184956,
P5574,
S186378,
S187677, P4429 ","The top 10 cases with the highest expense sum are: 
1. S176946 - 7600 
2. S183468 - 7600 
3. S182605 - 7500 
4. P220 - 6000 
5. S181646 - 6000 
6. S189726 - 6000 
7. S185752 - 5088 
8. P4429 - 4600 
9. P4461 - 4600 
10. P5574 - 4600",2,"[""The prediction lists 10 cases, including the amounts matched with the correct case identifiers, effectively covering all cases mentioned in the provided list (the top 7 distinct cases and several of the 8 cases with equal value of 4600). The order of mention in the solution's grouping of cases with equal values is slightly different, but the content matches in terms of identifying the top cases and their sums. Therefore, the prediction adequately represents the solution, considering content accuracy.""]","['SELECT case_concept_name, expense_sum FROM event_log GROUP BY case_concept_name ORDER BY expense_sum DESC LIMIT 10;']",[],['case_concept_name|expense_sum \nS176946 | 7600 \nS183468 | 7600 \nS182605 | 7500 \nP220 | 6000 \nS181646 | 6000 \nS189726 | 6000 \nS185752 | 5088 \nP4429 | 4600 \nP4461 | 4600 \nP5574 | 4600']
What is the average expense sum per case?,826.3201237,1300,0,"['The prediction provides an average expense sum per case of 1300.0, which does not match the given answer of 826.3201237. There is a significant difference between the two numbers provided. Therefore, the prediction does not match the solution or address the question accurately.']",['SELECT AVG(expense_sum) AS average_expense_sum_per_case FROM event_log GROUP BY case_concept_name;'],[],['average_expense_sum_per_case \n1100.0 \n1100.0 \n1300.0 \n1300.0 \n1300.0 \n0.0 \n0.0 \n1300.0 \n1300.0 \n1100.0 \n1300.0 \n1860.0 \n1300.0 \n1300.0 \n1300.0 \n1300.0 \n1100.0 \n1300.0 \n0.0 \n1300.0 \n0.0 \n1300.0 \n1300.0 \n0.0 \n0.0 \n1300.0 \n1300.0 \n1300.0 \n1300.0 \n1300.0 \n1300.0 \n1300.0 \n1300.0 \n0.0 \n0.0 \n1300.0 \n1300.0 \n0.0 \n0.0 \n0.0 \n0.0 \n1300.0 \n1300.0 \n1300.0 \n1300.0 \n1300.0 \n1100.0 \n1300.0 \n1300.0 \n1300.0 \n1300.0 \n0.0 \n1300.0 \n0.0 \n1300.0 \n1660.0 \n0.0 \n1300.0 \n0.0 \n0.0 \n1100.0 \n1300.0 \n0.0 \n0.0 \n1300.0 \n1300.0 \n0.0 \n1100.0 \n1300.0 \n1300.0 \n0.0 \n1300.0 \n1300.0 \n0.0 \n1300.0 \n0.0 \n0.0 \n1300.0 \n1300.0 \n1300.0 \n1300.0 \n1300.0 \n1300.0 \n1300.0 \n0.0 \n1300.0 \n1300.0 \n1300.0 \n1100.0 \n1300.0 \n1300.0 \n0.0 \n1300.0 \n1860.0 \n1100.0 \n1300.0 \n1300.0 \n0.0 \n0.0 \n1300.0 \n0.0 \n1300.0 \n1300.0 \n1300.0 \n1300.0 \n0.0 \n0.0 \n0.0 \n0.0 \n1100.0 \n1300.0 \n0.0 \n1300.0 \n1300.0 \n1300.0 \n1300.0 \n1100.0 \n1300.0 \n1300.0 \n0.0 \n1300.0 \n1300.0 \n1300.0 \n0.0 \n1860.0 \n1300.0 \n0.0 \n1860.0 \n1300.0 \n0.0 \n1300.0 \n1300.0 \n0.0 \n0.0 \n1300.0 \n1100.0 \n1300.0 \n1860.0 \n0.0 \n1300.0 \n1300.0 \n1300.0 \n0.0 \n1300.0 \n1300.0 \n1300.0 \n0.0 \n1300.0 \n1300.0 \n1300.0 \n1300.0 \n0.0 \n0.0 \n1300.0 \n0.0 \n0.0 \n1300.0 \n0.0 \n1300.0 \n1300.0 \n0.0 \n1300.0 \n1860.0 \n2200.0 \n1300.0 \n1300.0 \n1300.0 \n1860.0 \n1300.0 \n1300.0 \n1300.0 \n1300.0 \n1300.0 \n0.0 \n0.0 \n1300.0 \n1300.0 \n0.0 \n1300.0 \n1300.0 \n0.0 \n0.0 \n0.0 \n0.0 \n0.0 \n0.0 \n0.0 \n1300.0 \n0.0 \n1300.0 \n1300.0 \n0.0 \n0.0 \n1300.0 \n1300.0 \n1100.0 \n1300.0 \n1300.0 \n0.0 \n0.0 \n0.0 \n1300.0 \n1300.0 \n0.0 \n1300.0 \n0.0 \n1300.0 \n1300.0 \n1300.0 \n1300.0 \n0.0 \n0.0 \n1300.0 \n0.0 \n0.0 \n1300.0 \n0.0 \n1300.0 \n0.0 \n0.0 \n2200.0 \n1300.0 \n0.0 \n0.0 \n1300.0 \n1300.0 \n1300.0 \n1300.0 \n1300.0 \n0.0 \n0.0 \n0.0 \n0.0 \n1300.0 \n0.0 \n0.0 \n1300.0 \n1300.0 \n0.0 \n0.0 \n0.0 \n1300.0 \n1300.0 \n0.0 \n1300.0 \n1860.0 \n1300.0']
How many cases have an expense sum which is equal to zero?,49243,1000,0,"['The prediction states that there are 1000 cases with an expense sum equal to zero, while the answer indicates there are 49243 such cases. The numbers differ significantly, meaning the prediction does not match the content of the solution. Therefore, the score is 0.']",['SELECT COUNT(DISTINCT case_concept_name) AS case_count FROM event_log GROUP BY case_concept_name HAVING SUM(expense) = 0;'],[],['case_count \n1 \n1 \n1 \n1 \n1 \n1 \n1 \n1 \n1 \n1 \n1 \n1 \n1 \n1 \n1 \n1 \n1 \n1 \n1 \n1 \n1 \n1 \n1 \n1 \n1 \n1 \n1 \n1 \n1 \n1 \n1 \n1 \n1 \n1 \n1 \n1 \n1 \n1 \n1 \n1 \n1 \n1 \n1 \n1 \n1 \n1 \n1 \n1 \n1 \n1 \n1 \n1 \n1 \n1 \n1 \n1 \n1 \n1 \n1 \n1 \n1 \n1 \n1 \n1 \n1 \n1 \n1 \n1 \n1 \n1 \n1 \n1 \n1 \n1 \n1 \n1 \n1 \n1 \n1 \n1 \n1 \n1 \n1 \n1 \n1 \n1 \n1 \n1 \n1 \n1 \n1 \n1 \n1 \n1 \n1 \n1 \n1 \n1 \n1 \n1 \n1 \n1 \n1 \n1 \n1 \n1 \n1 \n1 \n1 \n1 \n1 \n1 \n1 \n1 \n1 \n1 \n1 \n1 \n1 \n1 \n1 \n1 \n1 \n1 \n1 \n1 \n1 \n1 \n1 \n1 \n1 \n1 \n1 \n1 \n1 \n1 \n1 \n1 \n1 \n1 \n1 \n1 \n1 \n1 \n1 \n1 \n1 \n1 \n1 \n1 \n1 \n1 \n1 \n1 \n1 \n1 \n1 \n1 \n1 \n1 \n1 \n1 \n1 \n1 \n1 \n1 \n1 \n1 \n1 \n1 \n1 \n1 \n1 \n1 \n1 \n1 \n1 \n1 \n1 \n1 \n1 \n1 \n1 \n1 \n1 \n1 \n1 \n1 \n1 \n1 \n1 \n1 \n1 \n1 \n1 \n1 \n1 \n1 \n1 \n1 \n1 \n1 \n1 \n1 \n1 \n1 \n1 \n1 \n1 \n1 \n1 \n1 \n1 \n1 \n1 \n1 \n1 \n1 \n1 \n1 \n1 \n1 \n1 \n1 \n1 \n1 \n1 \n1 \n1 \n1 \n1 \n1 \n1 \n1 \n1 \n1 \n1 \n1 \n1 \n1 \n1 \n1 \n1 \n1 \n1 \n1 \n1 \n1 \n1 \n1 \n1 \n1 \n1 \n1 \n1 \n1 \n1 \n1 \n1 \n1 \n1 \n1 \n1 \n1 \n1 \n1 \n1 \n1 \n1 \n1 \n1 \n1 \n1 \n1 \n1 \n1 \n1 \n1 \n1 \n1 \n1 \n1 \n1 \n1 \n1 \n1 \n1 \n1 \n1 \n1 \n1 \n1 \n1 \n1 \n1 \n1 \n1 \n1 \n1 \n1 \n1 \n1 \n1 \n1 \n1 \n1 \n1 \n1 \n1 \n1 \n1 \n1 \n1 \n1 \n1 \n1 \n1 \n1 \n1 \n1 \n1 \n1 \n1 \n1 \n1 \n1 \n1 \n1 \n1 \n1 \n1 \n1 \n1 \n1 \n1 \n1 \n1 \n1 \n1 \n1 \n1 \n1 \n1 \n1 \n1 \n1 \n1 \n1 \n1 \n1 \n1 \n1 \n1 \n1 \n1 \n1 \n1 \n1 \n1 \n1 \n1 \n1 \n1 \n1 \n1 \n1 \n1 \n1 \n1 \n1 \n1 \n1 \n1 \n1 \n1 \n1 \n1 \n1 \n1 \n1 \n1 \n1 \n1 \n1 \n1 \n1 \n1 \n1 \n1 \n1 \n1 \n1 \n1 \n1 \n1 \n1 \n1 \n1 \n1 \n1 \n1 \n1 \n1 \n1 \n1 \n1 \n1 \n1 \n1 \n1 \n1 \n1 \n1 \n1 \n1 \n1 \n1 \n1 \n1 \n1 \n1 \n1 \n1 \n1 \n1 \n1 \n1 \n1 \n1 \n1 \n1 \n1 \n1 \n1 \n1 \n1 \n1 \n1 \n1 \n1 \n1 \n1 \n1 \n1 \n1 \n1 \n1 \n1 \n1 \n1 \n1 \n1 \n1 \n1 \n1 \n1 \n1 \n1 \n1 \n1 \n1 \n1 \n1 \n1 \n1 \n1 \n1 \n1 \n1 \n1 \n1 \n1 \n1 \n1 \n1 \n1 \n1 \n1 \n1 \n1 \n1 \n1 \n1 \n1 \n1 \n1 \n1 \n1 \n1 \n1 \n1 \n1 \n1 \n1 \n1 \n1 \n1 \n1 \n1 \n1 \n1 \n1 \n1 \n1 \n1 \n1 \n1 \n1 \n1 \n1 \n1 \n1 \n1 \n1 \n1 \n1 \n1 \n1 \n1 \n1 \n1 \n1 \n1 \n1 \n1 \n1 \n1 \n1 \n1 \n1 \n1 \n1 \n1 \n1 \n1 \n1 \n1 \n1 \n1 \n1 \n1 \n1 \n1 \n1 \n1 \n1 \n1 \n1 \n1 \n1 \n1 \n1 \n1 \n1 \n1 \n1 \n1 \n1 \n1 \n1 \n1 \n1 \n1 \n1 \n1 \n1 \n1 \n1 \n1 \n1 \n1 \n1 \n1 \n1 \n1 \n1 \n1 \n1 \n1 \n1 \n1 \n1 \n1 \n1 \n1 \n1 \n1 \n1 \n1 \n1 \n1 \n1 \n1 \n1 \n1 \n1 \n1 \n1 \n1 \n1 \n1 \n1 \n1 \n1 \n1 \n1 \n1 \n1 \n1 \n1 \n1 \n1 \n1 \n1 \n1 \n1 \n1 \n1 \n1 \n1 \n1 \n1 \n1 \n1 \n1 \n1 \n1 \n1 \n1 \n1 \n1 \n1 \n1 \n1 \n1 \n1 \n1 \n1 \n1 \n1 \n1 \n1 \n1 \n1 \n1 \n1 \n1 \n1 \n1 \n1 \n1 \n1 \n1 \n1 \n1 \n1 \n1 \n1 \n1 \n1 \n1 \n1 \n1 \n1 \n1 \n1 \n1 \n1 \n1 \n1 \n1 \n1 \n1 \n1 \n1 \n1 \n1 \n1 \n1 \n1 \n1 \n1 \n1 \n1 \n1 \n1 \n1 \n1 \n1 \n1 \n1 \n1 \n1 \n1 \n1 \n1 \n1 \n1 \n1 \n1 \n1 \n1 \n1 \n1 \n1 \n1 \n1 \n1 \n1 \n1 \n1 \n1 \n1 \n1 \n1 \n1 \n1 \n1 \n1 \n1 \n1 \n1 \n1 \n1 \n1 \n1 \n1 \n1 \n1 \n1 \n1 \n1 \n1 \n1 \n1 \n1 \n1 \n1 \n1 \n1 \n1 \n1 \n1 \n1 \n1']
What are the expense sums of the 10 cases with the highest expense sum?,"7600, 7600,7500, 6000, 6000,6000,5088, and 8 cases with 4600","The 10 cases with the highest expense sums are as follows: 
- S176946: 7600
- S176946: 7600
- S183468: 7600
- S183468: 7600
- S182605: 7500
- S182605: 7500
- P220: 6000
- P220: 6000
- P220: 6000
- P220: 6000

The total expense sums for these cases are 7600, 7600, 7600, 7600, 7500, 7500, 6000, 6000, 6000, and 6000 respectively.",1,"['The prediction provides a list of expenses for the 10 cases with the highest sums. Although the prediction lists specific case numbers and repeats some of the expenses (e.g., 7600 appears four times instead of twice), it still identifies 10 expense amounts. However, there is a discrepancy in the amounts and their frequencies compared to the solution. The solution lists expenses as 7600 (twice), 7500 (once), 6000 (three times), 5088 (once), and mentions 8 cases with 4600. The prediction mostly aligns in terms of expense amounts like 7600 and 7500 but differs in the number of repetitions and misses 5088 and 4600 entirely. Due to these mismatches, the score is 1.']","['SELECT case_concept_name, expense_sum FROM event_log ORDER BY expense_sum DESC LIMIT 10;']",[],['case_concept_name|expense_sum \nS176946 | 7600 \nS176946 | 7600 \nS183468 | 7600 \nS183468 | 7600 \nS182605 | 7500 \nS182605 | 7500 \nP220 | 6000 \nP220 | 6000 \nP220 | 6000 \nP220 | 6000']
How many cases have been credit collected? ,59013,59013,2,"['The prediction matches the answer exactly by providing the exact number of cases that have been credit collected, which is 59013. This is a direct and correct response to the question asked.']",['SELECT COUNT(DISTINCT case_concept_name) AS cases_credit_collected FROM event_log WHERE credit_collected = 1;'],[],['cases_credit_collected \n59013']
What is the precentage of cases that where credit collected?,0.3924 or 39.24%,39.25%,2,"['The prediction states 39.25%, which is very close to the provided solution of 39.24%. The difference is only 0.01%, which is negligible and could be due to rounding differences. The content of both the prediction and the solution effectively conveys the same information regarding the percentage of cases where credit was collected.']","['SELECT (COUNT(CASE WHEN credit_collected = 1 THEN DISTINCT case_concept_name END) * 100.0 / COUNT(DISTINCT case_concept_name)) AS percentage_credit_collected\nFROM event_log;', 'SELECT (COUNT(DISTINCT CASE WHEN credit_collected = 1 THEN case_concept_name END) * 100.0 / COUNT(DISTINCT case_concept_name)) AS percentage_credit_collected\nFROM event_log;']","['near ""DISTINCT"": syntax error']",['percentage_credit_collected \n39.245195185209816']
What is the percentage of cases in which a penalty has been added?,0.531 or 53.1%,53.11%,2,"['The prediction provides a percentage of 53.11%, which is extremely close to the provided solution of 53.1%. The difference is only 0.01%, which is likely due to rounding. Content-wise, both address the same question and provide nearly identical answers. This constitutes a sufficient match to be considered correct for the content.']","['SELECT (COUNT(CASE WHEN penalty_added = 1 THEN DISTINCT case_concept_name END) * 100.0 / COUNT(DISTINCT case_concept_name)) AS penalty_added_percentage FROM event_log;', 'SELECT (COUNT(DISTINCT CASE WHEN penalty_added = 1 THEN case_concept_name END) * 100.0 / COUNT(DISTINCT case_concept_name)) AS penalty_added_percentage FROM event_log;']","['near ""DISTINCT"": syntax error']",['penalty_added_percentage \n53.10899780541332']
How many cases have been added a penalty?,79860,79860,2,"['The prediction correctly matches the answer provided in terms of content. Both state that 79860 cases have been added a penalty, which directly addresses the question.']",['SELECT COUNT(DISTINCT case_concept_name) AS cases_with_penalty FROM event_log WHERE penalty_added = 1;'],[],['cases_with_penalty \n79860']
How many cases have been added no penalties?,70510,70510,2,"['The prediction and the solution both provide the same numerical answer, 70510, which directly addresses the question asked. Thus, the content of the prediction is an exact match with the solution.']",['SELECT COUNT(DISTINCT case_concept_name) AS case_count FROM event_log WHERE penalty_added = 0;'],[],['case_count \n70510']
Which case has the highest maxtotalPaymentAmount?,S109961: 402100,The case with the highest maxtotalPaymentAmount is S109961 with an amount of 402100.,2,"['The prediction accurately identifies the case S109961 and provides the same highest maxtotalPaymentAmount of 402100 as in the given solution. The content of the prediction matches exactly with the solution, fully addressing the question asked.']","['SELECT case_concept_name, maxtotalPaymentAmount FROM event_log GROUP BY case_concept_name ORDER BY MAX(maxtotalPaymentAmount) DESC LIMIT 1;']",[],['case_concept_name|maxtotalPaymentAmount \nS109961 | 402100']
What is the average maxtotalPaymentAmount per case? ,2396.577176,3600,0,"['The prediction provides the average maxtotalPaymentAmount as 3600.0, while the correct solution is 2396.577176. These values are quite different, indicating that the prediction does not accurately reflect the correct average maxtotalPaymentAmount per case as specified in the solution. Therefore, the prediction does not match the solution, so the score is 0.']",['SELECT AVG(maxtotalPaymentAmount) AS average_maxtotalPaymentAmount FROM event_log GROUP BY case_concept_name;'],[],['average_maxtotalPaymentAmount \n0.0 \n0.0 \n8700.0 \n0.0 \n0.0 \n3600.0 \n3600.0 \n0.0 \n5700.0 \n0.0 \n0.0 \n0.0 \n0.0 \n0.0 \n3500.0 \n0.0 \n0.0 \n0.0 \n2200.0 \n0.0 \n3600.0 \n0.0 \n0.0 \n3600.0 \n2200.0 \n8700.0 \n0.0 \n0.0 \n8700.0 \n8700.0 \n0.0 \n0.0 \n0.0 \n3600.0 \n3600.0 \n0.0 \n0.0 \n3600.0 \n3600.0 \n2100.0 \n3600.0 \n8700.0 \n0.0 \n0.0 \n0.0 \n8700.0 \n5350.0 \n0.0 \n0.0 \n0.0 \n0.0 \n3600.0 \n0.0 \n3600.0 \n0.0 \n0.0 \n3600.0 \n0.0 \n3600.0 \n3600.0 \n0.0 \n0.0 \n3600.0 \n2200.0 \n0.0 \n4900.0 \n3600.0 \n0.0 \n0.0 \n0.0 \n3600.0 \n0.0 \n0.0 \n3600.0 \n0.0 \n3600.0 \n3600.0 \n0.0 \n0.0 \n0.0 \n0.0 \n8700.0 \n0.0 \n8700.0 \n3600.0 \n4900.0 \n0.0 \n0.0 \n0.0 \n8700.0 \n0.0 \n3600.0 \n0.0 \n0.0 \n0.0 \n0.0 \n0.0 \n3600.0 \n2200.0 \n0.0 \n3600.0 \n0.0 \n0.0 \n0.0 \n0.0 \n3600.0 \n3600.0 \n3600.0 \n3600.0 \n0.0 \n8700.0 \n3600.0 \n0.0 \n0.0 \n8700.0 \n0.0 \n3200.0 \n0.0 \n0.0 \n3600.0 \n0.0 \n0.0 \n0.0 \n3600.0 \n0.0 \n0.0 \n3600.0 \n0.0 \n0.0 \n3600.0 \n0.0 \n0.0 \n3600.0 \n3600.0 \n0.0 \n0.0 \n8700.0 \n0.0 \n3600.0 \n0.0 \n0.0 \n0.0 \n3600.0 \n0.0 \n0.0 \n0.0 \n3600.0 \n0.0 \n0.0 \n0.0 \n0.0 \n3600.0 \n3600.0 \n0.0 \n3600.0 \n3600.0 \n0.0 \n3600.0 \n0.0 \n0.0 \n3600.0 \n0.0 \n0.0 \n9400.0 \n8700.0 \n0.0 \n0.0 \n0.0 \n0.0 \n0.0 \n0.0 \n0.0 \n0.0 \n3600.0 \n3600.0 \n0.0 \n0.0 \n3600.0 \n0.0 \n0.0 \n3600.0 \n3600.0 \n3900.0 \n3600.0 \n3600.0 \n3600.0 \n3600.0 \n8700.0 \n3600.0 \n0.0 \n0.0 \n3600.0 \n3600.0 \n0.0 \n0.0 \n0.0 \n0.0 \n8700.0 \n3600.0 \n2200.0 \n3600.0 \n0.0 \n0.0 \n3600.0 \n0.0 \n3600.0 \n0.0 \n8700.0 \n8700.0 \n0.0 \n3600.0 \n3600.0 \n0.0 \n3600.0 \n3600.0 \n0.0 \n3600.0 \n0.0 \n3600.0 \n3600.0 \n9400.0 \n0.0 \n3600.0 \n3600.0 \n0.0 \n0.0 \n0.0 \n0.0 \n0.0 \n3600.0 \n3600.0 \n2200.0 \n3600.0 \n0.0 \n3600.0 \n3600.0 \n0.0 \n0.0 \n3600.0 \n3600.0 \n3600.0 \n0.0 \n0.0 \n3600.0 \n0.0 \n0.0 \n8700.0 \n3600.0 \n3600.0 \n0.0 \n0.0 \n0.0 \n5700.0 \n0.0 \n0.0 \n0.0 \n0.0 \n0.0 \n0.0 \n0.0 \n0.0 \n0.0 \n5700.0 \n0.0 \n0.0 \n0.0 \n0.0 \n0.0 \n0.0 \n0.0 \n0.0 \n0.0 \n0.0 \n0.0 \n0.0 \n0.0 \n5700.0 \n3500.0 \n0.0']
How many cases have a maxtotalPaymentAmount equaling zero?,80656,80656,2,"['The prediction provides the exact number, 80656, which matches the solution provided in the question. Both the prediction and solution align perfectly in terms of the number of cases with a maxtotalPaymentAmount equaling zero.']",['SELECT COUNT(DISTINCT case_concept_name) AS case_count FROM event_log WHERE maxtotalPaymentAmount = 0;'],[],['case_count \n80656']
What are the top 10 cases with the highest maximum totalPaymentAmount?,"S109961: 402100 ,
C23364: 184200
C23357: 159700 
C19723: 149850 
C18271: 143350 
S161037: 82300 
S161032: 81300 
S161018: 81300 
S161025: 81300 
C21036: 79810","The top 10 cases with the highest maximum totalPaymentAmount are as follows: 
1. S109961 - 402100 
2. C23364 - 184200 
3. C23357 - 159700 
4. C19723 - 149850 
5. C18271 - 143350 
6. S161037 - 82300 
7. S161018 - 81300 
8. S161025 - 81300 
9. S161032 - 81300 
10. C21036 - 79810",2,"['The prediction lists out the top 10 cases with the highest maximum total payment amount and their corresponding values. The order and amounts for each case in the prediction match exactly with the details provided in the solution. Although the order of cases 7, 8, and 9 are slightly different, they have the same amounts, which means the content is still correct. Thus, the score is 2 because the prediction matches the solution in terms of content.']","['SELECT case_concept_name, MAX(maxtotalPaymentAmount) AS max_total_payment\nFROM event_log\nGROUP BY case_concept_name\nORDER BY max_total_payment DESC\nLIMIT 10;']",[],['case_concept_name|max_total_payment \nS109961 | 402100 \nC23364 | 184200 \nC23357 | 159700 \nC19723 | 149850 \nC18271 | 143350 \nS161037 | 82300 \nS161018 | 81300 \nS161025 | 81300 \nS161032 | 81300 \nC21036 | 79810']
"Which case has the highest amount payable by the offender, including ties?","C18395:    800000,
C15814:    800000","S109961 has the highest amount payable by the offender, which is 402100. This amount is tied across multiple entries for the same case.",0,"['The prediction states that S109961 has the highest amount payable, with a specific amount of 402100, and mentions ties across multiple entries. However, the solution indicates that the cases with the highest amount payable, each at 800000, are C18395 and C15814. The cases and amounts do not match between the prediction and the solution. Therefore, the prediction does not address the question correctly.']","['WITH MaxPayment AS (SELECT MAX(maxtotalPaymentAmount) AS max_amount FROM event_log) SELECT case_concept_name, maxtotalPaymentAmount FROM event_log WHERE maxtotalPaymentAmount = (SELECT max_amount FROM MaxPayment);']",[],['case_concept_name|maxtotalPaymentAmount \nS109961 | 402100 \nS109961 | 402100 \nS109961 | 402100 \nS109961 | 402100 \nS109961 | 402100 \nS109961 | 402100']
Which case has the highest single paymentAmount?,S109961: 397500,"The case with the highest single payment amount is S109961, with a payment amount of 397500.",2,"['The prediction correctly identifies the case with the highest single payment amount as S109961 and provides the exact payment amount of 397500, which matches exactly with the solution. The content is a complete and accurate match.']","['SELECT case_concept_name, MAX(paymentAmount) AS max_payment\nFROM event_log\nGROUP BY case_concept_name\nORDER BY max_payment DESC\nLIMIT 1;']",[],['case_concept_name|max_payment \nS109961 | 397500']
Which case has the highest amount last?,Case  C18395 and  C15814 both have the highest amount_last with a value of  800000,"C15814 and C18395 both have the highest amount last, which is 800000.",2,"['The prediction accurately identifies the cases, C15814 and C18395, as having the highest ""amount last,"" with the correct value of 800000. Both the cases and the amount match the information provided in the solution. The content of the answer aligns perfectly with the solution.']","['SELECT case_concept_name, amount_last FROM event_log WHERE amount_last = (SELECT MAX(amount_last) FROM event_log) LIMIT 10;']",[],['case_concept_name|amount_last \nC15814 | 800000 \nC15814 | 800000 \nC15814 | 800000 \nC15814 | 800000 \nC15814 | 800000 \nC18395 | 800000 \nC18395 | 800000 \nC18395 | 800000 \nC18395 | 800000 \nC18395 | 800000']
Which 10 cases have the highest amount last?,"The top 9 cases with the highest amount last are:

C18395:	 800000
C15814:	 800000
C21853:	 754600
C22583:	 754600
C20473:	 368450
C21090:	 368450
C23364:	 368450
C22584:	 345150
C17345:	 325290

The 10th spot is shared by  5 cases with a value of 222000, these are:
C22820,C22283,C21546,C22740,C22704","The 10 cases with the highest amount last are: 
1. C15814 - 800000 
2. C18395 - 800000 
3. C21853 - 754600 
4. C22583 - 754600 
5. C20473 - 368450 
6. C21090 - 368450 
7. C23364 - 368450 
8. C22584 - 345150 
9. C17345 - 325290 
10. C21546 - 222000",1,"[""The prediction correctly identifies 9 of the top 10 cases with their corresponding amounts, matching the answer provided. However, for the 10th position, the prediction lists only one case, C21546, whereas the solution indicates that the 10th spot is shared by five cases (C22820, C22283, C21546, C22740, C22704), all having the same amount of 222000. \n\nTherefore, while the prediction gets most of the list correct, it doesn't fully account for all cases sharing the 10th position. Due to this partial match, the score is 1.""]","['SELECT case_concept_name, amount_last FROM event_log GROUP BY case_concept_name ORDER BY amount_last DESC LIMIT 10;']",[],['case_concept_name|amount_last \nC15814 | 800000 \nC18395 | 800000 \nC21853 | 754600 \nC22583 | 754600 \nC20473 | 368450 \nC21090 | 368450 \nC23364 | 368450 \nC22584 | 345150 \nC17345 | 325290 \nC21546 | 222000']
What are the amount last values of the 10 cases with the highest amount last?,"800000,800000,754600,754600,368450,368450,368450,345150, 325290","The 10 cases with the highest amount last are: C15814 with 800000, C18395 with 800000, C21853 with 754600, C22583 with 754600, C20473 with 368450, C21090 with 368450, C23364 with 368450, C22584 with 345150, C17345 with 325290, and C21546 with 222000.",1,"['The prediction provides both the case identifiers and the ""amount last"" values for the 10 cases with the highest ""amount last"" values. The numerical values provided by the prediction almost entirely match the solution, except for the inclusion of an additional value, 222000, which is not in the solution, and the omission of one 754600 since only 9 values are mentioned in the solution. The correct amounts are present in the prediction, but there is an incorrect additional amount as well which affects the accuracy.']","['SELECT case_concept_name, amount_last FROM event_log GROUP BY case_concept_name ORDER BY MAX(amount_last) DESC LIMIT 10;']",[],['case_concept_name|amount_last \nC15814 | 800000 \nC18395 | 800000 \nC21853 | 754600 \nC22583 | 754600 \nC20473 | 368450 \nC21090 | 368450 \nC23364 | 368450 \nC22584 | 345150 \nC17345 | 325290 \nC21546 | 222000']
What is the lowest amount last found in the event log?,0,0,2,"['The prediction correctly identifies the lowest amount last found in the event log as 0, which exactly matches the answer provided. The content is an exact match, and the prediction fully addresses the question asked.']","['SELECT MIN(amount_last) AS lowest_amount_last FROM (SELECT DISTINCT case_concept_name, amount_last FROM event_log)']",[],['lowest_amount_last \n0']
How many cases have the lowest amount last found in the event log? ,36,36,2,"['The prediction exactly matches the answer for how many cases have the lowest amount last found in the event log, which is 36. Both the answer and the prediction provide the same numerical information, directly addressing the question.']",['SELECT COUNT(*) AS case_count FROM (SELECT MAX(amount_last) AS max_amount_last FROM event_log GROUP BY case_concept_name) AS max_amounts WHERE max_amount_last = (SELECT MIN(max_amount_last) FROM (SELECT MAX(amount_last) AS max_amount_last FROM event_log GROUP BY case_concept_name));'],[],['case_count \n36']
Which case has the highest outstanding balance?,"C18395:	801985","The case with the highest outstanding balance is C18395, with an outstanding balance of 801985.",2,"['The prediction accurately identifies the case with the highest outstanding balance as C18395 and provides the exact balance amount of 801985, which matches the solution provided. Therefore, the prediction matches the content of the solution perfectly.']","['SELECT case_concept_name, outstanding_balance FROM event_log GROUP BY case_concept_name ORDER BY outstanding_balance DESC LIMIT 1;']",[],['case_concept_name|outstanding_balance \nC18395 | 801985']
What is the average outstanding balance per case?,5571.34701,4600,0,"['The prediction provides a numerical value of 4600.0 for the average outstanding balance per case, whereas the solution specifies 5571.34701. The values do not match; hence, the prediction does not accurately represent the given solution.']",['SELECT AVG(outstanding_balance) AS average_outstanding_balance FROM event_log GROUP BY case_concept_name;'],[],['average_outstanding_balance \n4600.0 \n8250.0 \n0.0 \n8700.0 \n8700.0 \n0.0 \n0.0 \n8700.0 \n0.0 \n5350.0 \n8700.0 \n9260.0 \n4900.0 \n8700.0 \n2200.0 \n8700.0 \n5350.0 \n8700.0 \n0.0 \n8700.0 \n0.0 \n8700.0 \n8700.0 \n0.0 \n0.0 \n0.0 \n8700.0 \n4900.0 \n0.0 \n0.0 \n8700.0 \n4900.0 \n8700.0 \n0.0 \n0.0 \n5700.0 \n4900.0 \n0.0 \n0.0 \n0.0 \n0.0 \n0.0 \n8700.0 \n8700.0 \n8700.0 \n0.0 \n0.0 \n8700.0 \n4900.0 \n4900.0 \n8700.0 \n0.0 \n4900.0 \n0.0 \n8700.0 \n3760.0 \n0.0 \n8700.0 \n0.0 \n0.0 \n5350.0 \n8700.0 \n0.0 \n0.0 \n8700.0 \n3800.0 \n0.0 \n4600.0 \n8700.0 \n8700.0 \n0.0 \n8700.0 \n8700.0 \n0.0 \n4900.0 \n0.0 \n0.0 \n8700.0 \n4900.0 \n4900.0 \n4900.0 \n0.0 \n8700.0 \n0.0 \n0.0 \n3800.0 \n8700.0 \n8700.0 \n5350.0 \n0.0 \n8700.0 \n0.0 \n8700.0 \n9260.0 \n5350.0 \n8700.0 \n16100.0 \n0.0 \n0.0 \n8700.0 \n0.0 \n8700.0 \n8700.0 \n8700.0 \n8700.0 \n0.0 \n0.0 \n0.0 \n0.0 \n3200.0 \n0.0 \n0.0 \n4900.0 \n8700.0 \n0.0 \n8700.0 \n2150.0 \n8700.0 \n4900.0 \n0.0 \n4900.0 \n4900.0 \n8700.0 \n0.0 \n5460.0 \n4900.0 \n0.0 \n5460.0 \n4900.0 \n0.0 \n8700.0 \n8700.0 \n0.0 \n0.0 \n8700.0 \n8250.0 \n0.0 \n9260.0 \n0.0 \n8700.0 \n8700.0 \n8700.0 \n0.0 \n8700.0 \n8700.0 \n4900.0 \n0.0 \n8700.0 \n8700.0 \n4900.0 \n4900.0 \n0.0 \n0.0 \n4900.0 \n0.0 \n0.0 \n8700.0 \n0.0 \n8700.0 \n8700.0 \n0.0 \n4900.0 \n9260.0 \n200.0 \n0.0 \n4900.0 \n4900.0 \n9260.0 \n4900.0 \n8700.0 \n4900.0 \n4900.0 \n8700.0 \n0.0 \n0.0 \n8700.0 \n4900.0 \n0.0 \n4900.0 \n4900.0 \n0.0 \n0.0 \n-300.0 \n0.0 \n0.0 \n0.0 \n0.0 \n0.0 \n0.0 \n8700.0 \n4900.0 \n0.0 \n0.0 \n4900.0 \n5700.0 \n8250.0 \n8700.0 \n0.0 \n0.0 \n0.0 \n0.0 \n8700.0 \n8700.0 \n0.0 \n4900.0 \n0.0 \n8700.0 \n0.0 \n0.0 \n8700.0 \n0.0 \n0.0 \n8700.0 \n0.0 \n0.0 \n8700.0 \n0.0 \n8700.0 \n0.0 \n0.0 \n200.0 \n4900.0 \n0.0 \n0.0 \n4900.0 \n8700.0 \n8700.0 \n4900.0 \n8700.0 \n0.0 \n0.0 \n0.0 \n0.0 \n4900.0 \n0.0 \n0.0 \n8700.0 \n8700.0 \n0.0 \n0.0 \n0.0 \n8700.0 \n4900.0 \n0.0 \n8700.0 \n9260.0 \n0.0 \n0.0 \n0.0 \n4900.0 \n8700.0 \n8700.0 \n0.0 \n3500.0 \n5700.0 \n5700.0']
What are the top 10 cases whith the highest outstanding balance?,"The top 9 cases with the highest outstanding balance are:
C18395: 801985,
C15814: 800000,
C21853: 754600,
C22583: 754600,
C20473: 368450,
C21090: 368450,
C22584: 345150,
C17345: 325290,
The 10th place is shared with a value of 222000 among the cases:
C22820,C21546,C22704,C22740,C22283,","1. C18395 | 801985  
2. C15814 | 800000  
3. C21853 | 754600  
4. C22583 | 754600  
5. C20473 | 368450  
6. C21090 | 368450  
7. C22584 | 345150  
8. C17345 | 325290  
9. C21546 | 222000  
10. C22283 | 222000",1,"['The prediction matches most of the entries from the solution regarding the top cases with the highest outstanding balance. However, there is a discrepancy in the 9th and 10th positions. In the solution, the 9th position is listed as shared among five cases with a balance of 222000, while the prediction lists C21546 and C22283 as the 9th and 10th independently. Despite this, the prediction provides accurate values for the amounts associated. Therefore, the prediction answers parts of the question but not the entire scenario as specified in the solution.']","['SELECT case_concept_name, outstanding_balance FROM event_log GROUP BY case_concept_name ORDER BY outstanding_balance DESC LIMIT 10;']",[],['case_concept_name|outstanding_balance \nC18395 | 801985 \nC15814 | 800000 \nC21853 | 754600 \nC22583 | 754600 \nC20473 | 368450 \nC21090 | 368450 \nC22584 | 345150 \nC17345 | 325290 \nC21546 | 222000 \nC22283 | 222000']
How many cases have paid nothing?,80656,80656,2,"['The prediction provides the exact number of cases that have paid nothing, which matches the solution given. Both the prediction and the answer list the same number, 80656, which directly answers the question asked.']",['SELECT COUNT(DISTINCT case_concept_name) AS cases_paid_nothing FROM event_log WHERE paid_nothing = 1;'],[],['cases_paid_nothing \n80656']
What is the percentage of cases which have paid nothing?,0.5363 or 53.63%,230.73%,0,"['The prediction provides a percentage of 230.73%, which is not a plausible value for the percentage of cases that have paid nothing, as percentages greater than 100% are not possible when accounting for parts of a whole. The correct answer is 53.63%, which does not align with the given prediction. Thus, the prediction does not match the content of the answer at all.']",['SELECT (COUNT(CASE WHEN paid_nothing = 1 THEN 1 END) * 100.0 / COUNT(DISTINCT case_concept_name)) AS percentage_paid_nothing FROM event_log;'],[],['percentage_paid_nothing \n230.72554365897452']
How many cases have overpaid?,2215,2215,2,"['The prediction provides the same numerical value, 2215, as the answer to the question. This indicates that the prediction matches the solution content exactly in terms of answering the question about how many cases have overpaid.']",['SELECT COUNT(DISTINCT case_concept_name) AS overpaid_cases FROM event_log WHERE overpaid = 1;'],[],['overpaid_cases \n2215']
What is the percentage of cases which have overpaid?,0.01473 or 1.473%,1.473033185,2,"['The prediction provides the percentage in decimal form: 1.4730331848108%. While the prediction offers a more precise number, it matches the percentage given in the solution when considering significant figures. Both values reflect the same percentage of 1.473%. Thus, the prediction matches the content of the answer in terms of accuracy and relevance to the question asked.']","['SELECT (COUNT(CASE WHEN overpaid = 1 THEN DISTINCT case_concept_name END) * 100.0 / COUNT(DISTINCT case_concept_name)) AS overpaid_percentage FROM event_log;', 'SELECT CASE WHEN total_cases = 0 THEN 0 ELSE (overpaid_cases * 100.0 / total_cases) END AS overpaid_percentage FROM (SELECT COUNT(DISTINCT case_concept_name) AS total_cases, COUNT(DISTINCT CASE WHEN overpaid = 1 THEN case_concept_name END) AS overpaid_cases FROM event_log);']","['near ""DISTINCT"": syntax error']",['overpaid_percentage \n1.4730331848108']
How many cases have underpaid?,90066,90066,2,"['The prediction matches the answer exactly, with both providing the number 90066. This directly answers the question about how many cases have underpaid.']",['SELECT COUNT(DISTINCT case_concept_name) AS underpaid_cases FROM event_log WHERE underpaid = 1;'],[],['underpaid_cases \n90066']
What is the percentage of cases which have underpaid?,0.5989 or 59.89%,266.19%,0,"['The prediction states a percentage of 266.19%, which is far from the correct percentage provided in the answer, 59.89%. As percentages over 100% do not make logical sense in context, it is evident that the prediction is incorrect. The prediction does not match the content of the answer regarding the percentage of cases that have underpaid.']",['SELECT (CAST(SUM(CASE WHEN underpaid = 1 THEN 1 ELSE 0 END) AS FLOAT) / COUNT(DISTINCT case_concept_name)) * 100 AS percentage_underpaid FROM event_log;'],[],['percentage_underpaid \n266.1893994812795']
Which case has overpaid the highest amount?,S109961,"The case that has overpaid the highest amount is S109961 with a total overpaid amount of 2,361,150.",2,"[""The prediction identifies the same case, S109961, as having overpaid the highest amount, which matches the provided solution. Although the prediction adds the specific overpaid amount of 2,361,150, it does not conflict with the information provided in the solution. Therefore, the prediction's content matches the answer in identifying the correct case.""]","['SELECT case_concept_name, SUM(overpaid_amount) AS total_overpaid_amount\nFROM event_log\nWHERE overpaid = 1\nGROUP BY case_concept_name\nORDER BY total_overpaid_amount DESC\nLIMIT 1;']",[],['case_concept_name|total_overpaid_amount \nS109961 | 2361150']
What is the overpaid amount of the case with the highest overpaid amount?,393525,393525,2,"['The prediction provides the exact numerical value as the solution, indicating that the case with the highest overpaid amount is 393525. The prediction matches the answer exactly in terms of content.']","['SELECT overpaid_amount FROM (SELECT case_concept_name, MAX(overpaid_amount) AS overpaid_amount FROM event_log WHERE overpaid = 1 GROUP BY case_concept_name) AS grouped_cases ORDER BY overpaid_amount DESC LIMIT 1;']",[],['overpaid_amount \n393525']
Which case has the highest underpaid amount?,C18395,"C18395 has the highest underpaid amount of 4,811,910.",2,"['The prediction provides the correct case, C18395, as having the highest underpaid amount, which matches the solution given. Additionally, the prediction adds the specific underpaid amount, which is consistent with what would be expected in such a case, enhancing the answer without contradicting the solution. Therefore, the prediction correctly answers the question in terms of content.']","['SELECT case_concept_name, SUM(underpaid_amount) AS total_underpaid_amount FROM event_log WHERE underpaid = 1 GROUP BY case_concept_name ORDER BY total_underpaid_amount DESC LIMIT 1;']",[],['case_concept_name|total_underpaid_amount \nC18395 | 4811910']
What is the underpaid amount of the case with the highest underpaid amount?,801985,801985,2,"['The prediction correctly provides the underpaid amount, 801985, which matches exactly with the solution provided. This indicates that the prediction is an exact match to the content required by the question.']",['SELECT underpaid_amount FROM event_log WHERE case_concept_name = (SELECT case_concept_name FROM event_log GROUP BY case_concept_name ORDER BY SUM(underpaid_amount) DESC LIMIT 1)'],[],['underpaid_amount \n801985 \n801985 \n801985 \n801985 \n801985 \n801985']
How many cases have only partly paid?,9413,9413,2,"['The prediction exactly matches the answer given both are ""9413"". The numerical value is directly provided, and it accurately addresses the question regarding the number of cases that have only partly paid.']",['SELECT COUNT(DISTINCT case_concept_name) AS partly_paid_cases FROM event_log WHERE part_paid = 1 AND fully_paid = 0;'],[],['partly_paid_cases \n9413']
What is the percentage of cases which have only partly paid?,0.06259 or 6.259%,6.26%,2,"['The prediction states ""6.26%"" which is a rounded version of ""6.259%"". The rounding is minor and does not significantly change the meaning of the answer. The content of the prediction is close enough to the example provided to warrant a score of 2.']",['SELECT (COUNT(DISTINCT CASE WHEN part_paid = 1 THEN case_concept_name END) * 100.0 / COUNT(DISTINCT case_concept_name)) AS percentage_partly_paid FROM event_log;'],[],['percentage_partly_paid \n6.259892265744497']
How many cases have paid without an obligation to pay?,6930,6930,2,"['The prediction exactly matches the solution in terms of content, both providing the same number, 6930, which directly answers the question asked. There is no discrepancy between the answer and the prediction.']",['SELECT COUNT(DISTINCT case_concept_name) AS case_count FROM event_log WHERE paid_without_obligation = 1;'],[],['case_count \n6930']
What is the percentage of cases which have paid without an obligation to pay?,0.04608 or 4.608%,23.61%,0,"['The prediction states that 23.61% of cases have paid without an obligation to pay, while the answer indicates this percentage is 0.04608 or 4.608%. The prediction is significantly different from the answer provided and does not match the content of the question at all.']",['SELECT (COUNT(CASE WHEN paid_without_obligation = 1 THEN 1 END) * 100.0 / COUNT(DISTINCT case_concept_name)) AS percentage_paid_without_obligation\nFROM event_log;'],[],['percentage_paid_without_obligation \n23.606437454279444']
How many cases have been credit collected and dismissed?,0,0,2,['The prediction correctly answers the question by stating that 0 cases have been credit collected and dismissed. This matches the answer exactly in terms of content.'],['SELECT COUNT(DISTINCT case_concept_name) AS case_count FROM event_log WHERE credit_collected = 1 AND dismissed = 1;'],[],['case_count \n0']
How many cases have been fully paid?,60304,60304,2,"['The prediction matches exactly with the answer provided. Both indicate that the number of cases that have been fully paid is 60304. Therefore, the prediction is an exact match in terms of content to the answer.']",['SELECT COUNT(DISTINCT case_concept_name) AS fully_paid_cases FROM event_log WHERE fully_paid = 1;'],[],['fully_paid_cases \n60304']
What is the percentage of cases which have been fully paid?,0.40103 or 40.103%,40.10%,2,"['The prediction provides the percentage of cases which have been fully paid as 40.10%, which is effectively the same as the solution of 40.103% when considering typical rounding conventions. The content matches closely with only a minor difference in precision, which does not change the value significantly. Hence, it accurately represents the solution.']","['SELECT CASE WHEN total_cases = 0 THEN 0 ELSE (CAST(fully_paid_cases AS FLOAT) / total_cases) * 100 END AS percentage_fully_paid FROM (SELECT COUNT(DISTINCT case_concept_name) AS total_cases, COUNT(DISTINCT CASE WHEN fully_paid = 1 THEN case_concept_name END) AS fully_paid_cases FROM event_log);']",[],['percentage_fully_paid \n40.10374409789187']
How many cases have fully paid and been credit collected?,3,3,2,"['Both the solution and the prediction state that there are 3 cases that have fully paid and been credit collected. The content of the prediction matches the solution exactly in terms of the number provided, directly answering the question.']",['SELECT COUNT(DISTINCT case_concept_name) AS case_count FROM event_log WHERE fully_paid = 1 AND credit_collected = 1;'],[],['case_count \n3']
How many cases have been dimissed and fully paid?,1,1,2,"['The prediction correctly answers the question by providing the exact number of cases, ""1,"" that have been dismissed and fully paid, matching the ""solution"" provided directly. The content is an exact match.']",['SELECT COUNT(DISTINCT case_concept_name) AS dismissed_and_fully_paid_cases FROM event_log WHERE dismissed_AND_fully_paid = 1;'],[],['dismissed_and_fully_paid_cases \n1']
How many cases are unresolved?,28984,28984,2,"['The prediction provides the exact numerical content, 28984, which matches the provided answer for the number of unresolved cases. This is a direct and complete match in terms of content.']",['SELECT COUNT(DISTINCT case_concept_name) AS unresolved_case_count FROM event_log WHERE unresolved = 1;'],[],['unresolved_case_count \n28984']
What is the percentage of cases which are unresolved?,0.19275 or 19.275%,19.28%,2,"['The prediction of 19.28% is very close to the provided answer of 19.275%. The difference is minimal and likely due to rounding. The prediction essentially captures the same value expressed in percentage terms as the solution. Therefore, it answers the question accurately and completely.']","['SELECT (COUNT(CASE WHEN unresolved = 1 THEN 1 END) * 100.0 / COUNT(DISTINCT case_concept_name)) AS unresolved_percentage FROM (SELECT DISTINCT case_concept_name, unresolved FROM event_log);']",[],['unresolved_percentage \n19.27512136729401']
How many cases have a maxtotalPaymentAmount higher than 3000?,66373,66373,2,"['The prediction matches the solution exactly, providing the same number, 66373, which directly answers the question. The content of the prediction is an exact match.']","['SELECT COUNT(DISTINCT case_concept_name) AS case_count FROM (SELECT case_concept_name, MAX(maxtotalPaymentAmount) AS max_payment FROM event_log GROUP BY case_concept_name) AS grouped_cases WHERE max_payment > 3000;']",[],['case_count \n66373']
How many cases have a maxtotalPaymentAmount higher than 4000?,23728,23728,2,"['The prediction matches the solution exactly, providing the same number, 23728, which answers the question of how many cases have a maxtotalPaymentAmount higher than 4000. The content of the solution and prediction is an exact match.']","['SELECT COUNT(*) AS case_count FROM (SELECT case_concept_name, MAX(maxtotalPaymentAmount) AS max_payment FROM event_log GROUP BY case_concept_name HAVING max_payment > 4000);']",[],['case_count \n23728']
How many cases have a maxtotalPaymentAmount higher than 50000?,76,76,2,"['The prediction directly provides the numerical answer to the question, which matches the solution exactly. There is no discrepancy between the solution and the prediction regarding the number of cases with a maximum total payment amount higher than 50000.']",['SELECT COUNT(DISTINCT case_concept_name) AS case_count FROM event_log WHERE maxtotalPaymentAmount > 50000;'],[],['case_count \n76']
How many cases have a maxtotalPaymentAmount higher than 81000?,9,9,2,"['The prediction exactly matches the answer provided for the number of cases with a maxtotalPaymentAmount higher than 81000. Both state the number 9, which directly addresses the question. The content matches perfectly.']",['SELECT COUNT(DISTINCT case_concept_name) AS case_count FROM event_log WHERE maxtotalPaymentAmount > 81000;'],[],['case_count \n9']
How many cases have a maxtotalPaymentAmount lower than 1000?,80670,1000,0,"['The prediction states that there are 1000 cases with a maxtotalPaymentAmount lower than 1000, whereas the solution specifies that there are 80670 such cases. The numbers differ significantly, and the prediction does not match the solution at all.']",['SELECT COUNT(DISTINCT case_concept_name) AS case_count FROM event_log GROUP BY case_concept_name HAVING MAX(maxtotalPaymentAmount) < 1000;'],[],['case_count \n1 \n1 \n1 \n1 \n1 \n1 \n1 \n1 \n1 \n1 \n1 \n1 \n1 \n1 \n1 \n1 \n1 \n1 \n1 \n1 \n1 \n1 \n1 \n1 \n1 \n1 \n1 \n1 \n1 \n1 \n1 \n1 \n1 \n1 \n1 \n1 \n1 \n1 \n1 \n1 \n1 \n1 \n1 \n1 \n1 \n1 \n1 \n1 \n1 \n1 \n1 \n1 \n1 \n1 \n1 \n1 \n1 \n1 \n1 \n1 \n1 \n1 \n1 \n1 \n1 \n1 \n1 \n1 \n1 \n1 \n1 \n1 \n1 \n1 \n1 \n1 \n1 \n1 \n1 \n1 \n1 \n1 \n1 \n1 \n1 \n1 \n1 \n1 \n1 \n1 \n1 \n1 \n1 \n1 \n1 \n1 \n1 \n1 \n1 \n1 \n1 \n1 \n1 \n1 \n1 \n1 \n1 \n1 \n1 \n1 \n1 \n1 \n1 \n1 \n1 \n1 \n1 \n1 \n1 \n1 \n1 \n1 \n1 \n1 \n1 \n1 \n1 \n1 \n1 \n1 \n1 \n1 \n1 \n1 \n1 \n1 \n1 \n1 \n1 \n1 \n1 \n1 \n1 \n1 \n1 \n1 \n1 \n1 \n1 \n1 \n1 \n1 \n1 \n1 \n1 \n1 \n1 \n1 \n1 \n1 \n1 \n1 \n1 \n1 \n1 \n1 \n1 \n1 \n1 \n1 \n1 \n1 \n1 \n1 \n1 \n1 \n1 \n1 \n1 \n1 \n1 \n1 \n1 \n1 \n1 \n1 \n1 \n1 \n1 \n1 \n1 \n1 \n1 \n1 \n1 \n1 \n1 \n1 \n1 \n1 \n1 \n1 \n1 \n1 \n1 \n1 \n1 \n1 \n1 \n1 \n1 \n1 \n1 \n1 \n1 \n1 \n1 \n1 \n1 \n1 \n1 \n1 \n1 \n1 \n1 \n1 \n1 \n1 \n1 \n1 \n1 \n1 \n1 \n1 \n1 \n1 \n1 \n1 \n1 \n1 \n1 \n1 \n1 \n1 \n1 \n1 \n1 \n1 \n1 \n1 \n1 \n1 \n1 \n1 \n1 \n1 \n1 \n1 \n1 \n1 \n1 \n1 \n1 \n1 \n1 \n1 \n1 \n1 \n1 \n1 \n1 \n1 \n1 \n1 \n1 \n1 \n1 \n1 \n1 \n1 \n1 \n1 \n1 \n1 \n1 \n1 \n1 \n1 \n1 \n1 \n1 \n1 \n1 \n1 \n1 \n1 \n1 \n1 \n1 \n1 \n1 \n1 \n1 \n1 \n1 \n1 \n1 \n1 \n1 \n1 \n1 \n1 \n1 \n1 \n1 \n1 \n1 \n1 \n1 \n1 \n1 \n1 \n1 \n1 \n1 \n1 \n1 \n1 \n1 \n1 \n1 \n1 \n1 \n1 \n1 \n1 \n1 \n1 \n1 \n1 \n1 \n1 \n1 \n1 \n1 \n1 \n1 \n1 \n1 \n1 \n1 \n1 \n1 \n1 \n1 \n1 \n1 \n1 \n1 \n1 \n1 \n1 \n1 \n1 \n1 \n1 \n1 \n1 \n1 \n1 \n1 \n1 \n1 \n1 \n1 \n1 \n1 \n1 \n1 \n1 \n1 \n1 \n1 \n1 \n1 \n1 \n1 \n1 \n1 \n1 \n1 \n1 \n1 \n1 \n1 \n1 \n1 \n1 \n1 \n1 \n1 \n1 \n1 \n1 \n1 \n1 \n1 \n1 \n1 \n1 \n1 \n1 \n1 \n1 \n1 \n1 \n1 \n1 \n1 \n1 \n1 \n1 \n1 \n1 \n1 \n1 \n1 \n1 \n1 \n1 \n1 \n1 \n1 \n1 \n1 \n1 \n1 \n1 \n1 \n1 \n1 \n1 \n1 \n1 \n1 \n1 \n1 \n1 \n1 \n1 \n1 \n1 \n1 \n1 \n1 \n1 \n1 \n1 \n1 \n1 \n1 \n1 \n1 \n1 \n1 \n1 \n1 \n1 \n1 \n1 \n1 \n1 \n1 \n1 \n1 \n1 \n1 \n1 \n1 \n1 \n1 \n1 \n1 \n1 \n1 \n1 \n1 \n1 \n1 \n1 \n1 \n1 \n1 \n1 \n1 \n1 \n1 \n1 \n1 \n1 \n1 \n1 \n1 \n1 \n1 \n1 \n1 \n1 \n1 \n1 \n1 \n1 \n1 \n1 \n1 \n1 \n1 \n1 \n1 \n1 \n1 \n1 \n1 \n1 \n1 \n1 \n1 \n1 \n1 \n1 \n1 \n1 \n1 \n1 \n1 \n1 \n1 \n1 \n1 \n1 \n1 \n1 \n1 \n1 \n1 \n1 \n1 \n1 \n1 \n1 \n1 \n1 \n1 \n1 \n1 \n1 \n1 \n1 \n1 \n1 \n1 \n1 \n1 \n1 \n1 \n1 \n1 \n1 \n1 \n1 \n1 \n1 \n1 \n1 \n1 \n1 \n1 \n1 \n1 \n1 \n1 \n1 \n1 \n1 \n1 \n1 \n1 \n1 \n1 \n1 \n1 \n1 \n1 \n1 \n1 \n1 \n1 \n1 \n1 \n1 \n1 \n1 \n1 \n1 \n1 \n1 \n1 \n1 \n1 \n1 \n1 \n1 \n1 \n1 \n1 \n1 \n1 \n1 \n1 \n1 \n1 \n1 \n1 \n1 \n1 \n1 \n1 \n1 \n1 \n1 \n1 \n1 \n1 \n1 \n1 \n1 \n1 \n1 \n1 \n1 \n1 \n1 \n1 \n1 \n1 \n1 \n1 \n1 \n1 \n1 \n1 \n1 \n1 \n1 \n1 \n1 \n1 \n1 \n1 \n1 \n1 \n1 \n1 \n1 \n1 \n1 \n1 \n1 \n1 \n1 \n1 \n1 \n1 \n1 \n1 \n1 \n1 \n1 \n1 \n1 \n1 \n1 \n1 \n1 \n1 \n1 \n1 \n1 \n1 \n1 \n1 \n1 \n1 \n1 \n1 \n1 \n1 \n1 \n1 \n1 \n1 \n1 \n1 \n1 \n1 \n1 \n1 \n1 \n1 \n1 \n1 \n1 \n1 \n1 \n1 \n1 \n1 \n1 \n1 \n1 \n1 \n1 \n1 \n1 \n1 \n1 \n1 \n1 \n1 \n1 \n1 \n1 \n1 \n1 \n1 \n1 \n1 \n1 \n1 \n1 \n1 \n1 \n1 \n1 \n1']
How many cases have a maxtotalPaymentAmount lower than 5900?,134086,1000,0,"['The prediction states that there are 1000 cases with a maxtotalPaymentAmount lower than 5900, whereas the answer provided is 134086. The predicted number does not match the provided answer at all, indicating a significant discrepancy.']",['SELECT COUNT(DISTINCT case_concept_name) AS case_count FROM event_log GROUP BY case_concept_name HAVING MAX(maxtotalPaymentAmount) < 5900;'],[],['case_count \n1 \n1 \n1 \n1 \n1 \n1 \n1 \n1 \n1 \n1 \n1 \n1 \n1 \n1 \n1 \n1 \n1 \n1 \n1 \n1 \n1 \n1 \n1 \n1 \n1 \n1 \n1 \n1 \n1 \n1 \n1 \n1 \n1 \n1 \n1 \n1 \n1 \n1 \n1 \n1 \n1 \n1 \n1 \n1 \n1 \n1 \n1 \n1 \n1 \n1 \n1 \n1 \n1 \n1 \n1 \n1 \n1 \n1 \n1 \n1 \n1 \n1 \n1 \n1 \n1 \n1 \n1 \n1 \n1 \n1 \n1 \n1 \n1 \n1 \n1 \n1 \n1 \n1 \n1 \n1 \n1 \n1 \n1 \n1 \n1 \n1 \n1 \n1 \n1 \n1 \n1 \n1 \n1 \n1 \n1 \n1 \n1 \n1 \n1 \n1 \n1 \n1 \n1 \n1 \n1 \n1 \n1 \n1 \n1 \n1 \n1 \n1 \n1 \n1 \n1 \n1 \n1 \n1 \n1 \n1 \n1 \n1 \n1 \n1 \n1 \n1 \n1 \n1 \n1 \n1 \n1 \n1 \n1 \n1 \n1 \n1 \n1 \n1 \n1 \n1 \n1 \n1 \n1 \n1 \n1 \n1 \n1 \n1 \n1 \n1 \n1 \n1 \n1 \n1 \n1 \n1 \n1 \n1 \n1 \n1 \n1 \n1 \n1 \n1 \n1 \n1 \n1 \n1 \n1 \n1 \n1 \n1 \n1 \n1 \n1 \n1 \n1 \n1 \n1 \n1 \n1 \n1 \n1 \n1 \n1 \n1 \n1 \n1 \n1 \n1 \n1 \n1 \n1 \n1 \n1 \n1 \n1 \n1 \n1 \n1 \n1 \n1 \n1 \n1 \n1 \n1 \n1 \n1 \n1 \n1 \n1 \n1 \n1 \n1 \n1 \n1 \n1 \n1 \n1 \n1 \n1 \n1 \n1 \n1 \n1 \n1 \n1 \n1 \n1 \n1 \n1 \n1 \n1 \n1 \n1 \n1 \n1 \n1 \n1 \n1 \n1 \n1 \n1 \n1 \n1 \n1 \n1 \n1 \n1 \n1 \n1 \n1 \n1 \n1 \n1 \n1 \n1 \n1 \n1 \n1 \n1 \n1 \n1 \n1 \n1 \n1 \n1 \n1 \n1 \n1 \n1 \n1 \n1 \n1 \n1 \n1 \n1 \n1 \n1 \n1 \n1 \n1 \n1 \n1 \n1 \n1 \n1 \n1 \n1 \n1 \n1 \n1 \n1 \n1 \n1 \n1 \n1 \n1 \n1 \n1 \n1 \n1 \n1 \n1 \n1 \n1 \n1 \n1 \n1 \n1 \n1 \n1 \n1 \n1 \n1 \n1 \n1 \n1 \n1 \n1 \n1 \n1 \n1 \n1 \n1 \n1 \n1 \n1 \n1 \n1 \n1 \n1 \n1 \n1 \n1 \n1 \n1 \n1 \n1 \n1 \n1 \n1 \n1 \n1 \n1 \n1 \n1 \n1 \n1 \n1 \n1 \n1 \n1 \n1 \n1 \n1 \n1 \n1 \n1 \n1 \n1 \n1 \n1 \n1 \n1 \n1 \n1 \n1 \n1 \n1 \n1 \n1 \n1 \n1 \n1 \n1 \n1 \n1 \n1 \n1 \n1 \n1 \n1 \n1 \n1 \n1 \n1 \n1 \n1 \n1 \n1 \n1 \n1 \n1 \n1 \n1 \n1 \n1 \n1 \n1 \n1 \n1 \n1 \n1 \n1 \n1 \n1 \n1 \n1 \n1 \n1 \n1 \n1 \n1 \n1 \n1 \n1 \n1 \n1 \n1 \n1 \n1 \n1 \n1 \n1 \n1 \n1 \n1 \n1 \n1 \n1 \n1 \n1 \n1 \n1 \n1 \n1 \n1 \n1 \n1 \n1 \n1 \n1 \n1 \n1 \n1 \n1 \n1 \n1 \n1 \n1 \n1 \n1 \n1 \n1 \n1 \n1 \n1 \n1 \n1 \n1 \n1 \n1 \n1 \n1 \n1 \n1 \n1 \n1 \n1 \n1 \n1 \n1 \n1 \n1 \n1 \n1 \n1 \n1 \n1 \n1 \n1 \n1 \n1 \n1 \n1 \n1 \n1 \n1 \n1 \n1 \n1 \n1 \n1 \n1 \n1 \n1 \n1 \n1 \n1 \n1 \n1 \n1 \n1 \n1 \n1 \n1 \n1 \n1 \n1 \n1 \n1 \n1 \n1 \n1 \n1 \n1 \n1 \n1 \n1 \n1 \n1 \n1 \n1 \n1 \n1 \n1 \n1 \n1 \n1 \n1 \n1 \n1 \n1 \n1 \n1 \n1 \n1 \n1 \n1 \n1 \n1 \n1 \n1 \n1 \n1 \n1 \n1 \n1 \n1 \n1 \n1 \n1 \n1 \n1 \n1 \n1 \n1 \n1 \n1 \n1 \n1 \n1 \n1 \n1 \n1 \n1 \n1 \n1 \n1 \n1 \n1 \n1 \n1 \n1 \n1 \n1 \n1 \n1 \n1 \n1 \n1 \n1 \n1 \n1 \n1 \n1 \n1 \n1 \n1 \n1 \n1 \n1 \n1 \n1 \n1 \n1 \n1 \n1 \n1 \n1 \n1 \n1 \n1 \n1 \n1 \n1 \n1 \n1 \n1 \n1 \n1 \n1 \n1 \n1 \n1 \n1 \n1 \n1 \n1 \n1 \n1 \n1 \n1 \n1 \n1 \n1 \n1 \n1 \n1 \n1 \n1 \n1 \n1 \n1 \n1 \n1 \n1 \n1 \n1 \n1 \n1 \n1 \n1 \n1 \n1 \n1 \n1 \n1 \n1 \n1 \n1 \n1 \n1 \n1 \n1 \n1 \n1 \n1 \n1 \n1 \n1 \n1 \n1 \n1 \n1 \n1 \n1 \n1 \n1 \n1 \n1 \n1 \n1 \n1 \n1 \n1 \n1 \n1 \n1 \n1 \n1 \n1 \n1 \n1 \n1 \n1 \n1 \n1 \n1 \n1 \n1 \n1 \n1 \n1 \n1 \n1 \n1 \n1 \n1 \n1 \n1 \n1 \n1 \n1 \n1 \n1 \n1 \n1 \n1 \n1 \n1 \n1 \n1 \n1 \n1 \n1 \n1 \n1 \n1 \n1 \n1 \n1 \n1 \n1 \n1 \n1 \n1 \n1 \n1 \n1 \n1 \n1 \n1 \n1 \n1 \n1 \n1 \n1 \n1 \n1 \n1 \n1 \n1 \n1']
How many cases have a maxtotalPaymentAmount lowerr than 60700?,150306,150306,2,"['The prediction correctly provides the exact number of cases, 150306, that have a maxtotalPaymentAmount lower than 60700, which matches the solution. The content of the prediction is an exact match to the answer, directly answering the question asked.']",['SELECT COUNT(DISTINCT case_concept_name) AS case_count FROM event_log WHERE maxtotalPaymentAmount < 60700;'],[],['case_count \n150306']
How many cases have an expense_sum higher than 1350?,23914,23914,2,"['The prediction matches the solution exactly, both providing the number 23914. This directly answers the question regarding the number of cases with an expense sum higher than 1350. The prediction is an exact match in terms of content.']",['SELECT COUNT(DISTINCT case_concept_name) AS case_count FROM event_log WHERE expense_sum > 1350;'],[],['case_count \n23914']
How many cases have an expense_sum higher equal 1350?,42547,1000,0,"['The prediction states that there are 1000 cases with an expense sum of 1350 or higher, while the solution indicates there are 42547 such cases. The prediction does not match the solution in terms of content or numerical data.']",['SELECT COUNT(DISTINCT case_concept_name) AS case_count FROM event_log GROUP BY case_concept_name HAVING MAX(expense_sum) >= 1350;'],[],['case_count \n1 \n1 \n1 \n1 \n1 \n1 \n1 \n1 \n1 \n1 \n1 \n1 \n1 \n1 \n1 \n1 \n1 \n1 \n1 \n1 \n1 \n1 \n1 \n1 \n1 \n1 \n1 \n1 \n1 \n1 \n1 \n1 \n1 \n1 \n1 \n1 \n1 \n1 \n1 \n1 \n1 \n1 \n1 \n1 \n1 \n1 \n1 \n1 \n1 \n1 \n1 \n1 \n1 \n1 \n1 \n1 \n1 \n1 \n1 \n1 \n1 \n1 \n1 \n1 \n1 \n1 \n1 \n1 \n1 \n1 \n1 \n1 \n1 \n1 \n1 \n1 \n1 \n1 \n1 \n1 \n1 \n1 \n1 \n1 \n1 \n1 \n1 \n1 \n1 \n1 \n1 \n1 \n1 \n1 \n1 \n1 \n1 \n1 \n1 \n1 \n1 \n1 \n1 \n1 \n1 \n1 \n1 \n1 \n1 \n1 \n1 \n1 \n1 \n1 \n1 \n1 \n1 \n1 \n1 \n1 \n1 \n1 \n1 \n1 \n1 \n1 \n1 \n1 \n1 \n1 \n1 \n1 \n1 \n1 \n1 \n1 \n1 \n1 \n1 \n1 \n1 \n1 \n1 \n1 \n1 \n1 \n1 \n1 \n1 \n1 \n1 \n1 \n1 \n1 \n1 \n1 \n1 \n1 \n1 \n1 \n1 \n1 \n1 \n1 \n1 \n1 \n1 \n1 \n1 \n1 \n1 \n1 \n1 \n1 \n1 \n1 \n1 \n1 \n1 \n1 \n1 \n1 \n1 \n1 \n1 \n1 \n1 \n1 \n1 \n1 \n1 \n1 \n1 \n1 \n1 \n1 \n1 \n1 \n1 \n1 \n1 \n1 \n1 \n1 \n1 \n1 \n1 \n1 \n1 \n1 \n1 \n1 \n1 \n1 \n1 \n1 \n1 \n1 \n1 \n1 \n1 \n1 \n1 \n1 \n1 \n1 \n1 \n1 \n1 \n1 \n1 \n1 \n1 \n1 \n1 \n1 \n1 \n1 \n1 \n1 \n1 \n1 \n1 \n1 \n1 \n1 \n1 \n1 \n1 \n1 \n1 \n1 \n1 \n1 \n1 \n1 \n1 \n1 \n1 \n1 \n1 \n1 \n1 \n1 \n1 \n1 \n1 \n1 \n1 \n1 \n1 \n1 \n1 \n1 \n1 \n1 \n1 \n1 \n1 \n1 \n1 \n1 \n1 \n1 \n1 \n1 \n1 \n1 \n1 \n1 \n1 \n1 \n1 \n1 \n1 \n1 \n1 \n1 \n1 \n1 \n1 \n1 \n1 \n1 \n1 \n1 \n1 \n1 \n1 \n1 \n1 \n1 \n1 \n1 \n1 \n1 \n1 \n1 \n1 \n1 \n1 \n1 \n1 \n1 \n1 \n1 \n1 \n1 \n1 \n1 \n1 \n1 \n1 \n1 \n1 \n1 \n1 \n1 \n1 \n1 \n1 \n1 \n1 \n1 \n1 \n1 \n1 \n1 \n1 \n1 \n1 \n1 \n1 \n1 \n1 \n1 \n1 \n1 \n1 \n1 \n1 \n1 \n1 \n1 \n1 \n1 \n1 \n1 \n1 \n1 \n1 \n1 \n1 \n1 \n1 \n1 \n1 \n1 \n1 \n1 \n1 \n1 \n1 \n1 \n1 \n1 \n1 \n1 \n1 \n1 \n1 \n1 \n1 \n1 \n1 \n1 \n1 \n1 \n1 \n1 \n1 \n1 \n1 \n1 \n1 \n1 \n1 \n1 \n1 \n1 \n1 \n1 \n1 \n1 \n1 \n1 \n1 \n1 \n1 \n1 \n1 \n1 \n1 \n1 \n1 \n1 \n1 \n1 \n1 \n1 \n1 \n1 \n1 \n1 \n1 \n1 \n1 \n1 \n1 \n1 \n1 \n1 \n1 \n1 \n1 \n1 \n1 \n1 \n1 \n1 \n1 \n1 \n1 \n1 \n1 \n1 \n1 \n1 \n1 \n1 \n1 \n1 \n1 \n1 \n1 \n1 \n1 \n1 \n1 \n1 \n1 \n1 \n1 \n1 \n1 \n1 \n1 \n1 \n1 \n1 \n1 \n1 \n1 \n1 \n1 \n1 \n1 \n1 \n1 \n1 \n1 \n1 \n1 \n1 \n1 \n1 \n1 \n1 \n1 \n1 \n1 \n1 \n1 \n1 \n1 \n1 \n1 \n1 \n1 \n1 \n1 \n1 \n1 \n1 \n1 \n1 \n1 \n1 \n1 \n1 \n1 \n1 \n1 \n1 \n1 \n1 \n1 \n1 \n1 \n1 \n1 \n1 \n1 \n1 \n1 \n1 \n1 \n1 \n1 \n1 \n1 \n1 \n1 \n1 \n1 \n1 \n1 \n1 \n1 \n1 \n1 \n1 \n1 \n1 \n1 \n1 \n1 \n1 \n1 \n1 \n1 \n1 \n1 \n1 \n1 \n1 \n1 \n1 \n1 \n1 \n1 \n1 \n1 \n1 \n1 \n1 \n1 \n1 \n1 \n1 \n1 \n1 \n1 \n1 \n1 \n1 \n1 \n1 \n1 \n1 \n1 \n1 \n1 \n1 \n1 \n1 \n1 \n1 \n1 \n1 \n1 \n1 \n1 \n1 \n1 \n1 \n1 \n1 \n1 \n1 \n1 \n1 \n1 \n1 \n1 \n1 \n1 \n1 \n1 \n1 \n1 \n1 \n1 \n1 \n1 \n1 \n1 \n1 \n1 \n1 \n1 \n1 \n1 \n1 \n1 \n1 \n1 \n1 \n1 \n1 \n1 \n1 \n1 \n1 \n1 \n1 \n1 \n1 \n1 \n1 \n1 \n1 \n1 \n1 \n1 \n1 \n1 \n1 \n1 \n1 \n1 \n1 \n1 \n1 \n1 \n1 \n1 \n1 \n1 \n1 \n1 \n1 \n1 \n1 \n1 \n1 \n1 \n1 \n1 \n1 \n1 \n1 \n1 \n1 \n1 \n1 \n1 \n1 \n1 \n1 \n1 \n1 \n1 \n1 \n1 \n1 \n1 \n1 \n1 \n1 \n1 \n1 \n1 \n1 \n1 \n1 \n1 \n1 \n1 \n1 \n1 \n1 \n1 \n1 \n1 \n1 \n1 \n1 \n1 \n1 \n1 \n1 \n1 \n1 \n1 \n1 \n1 \n1 \n1 \n1 \n1 \n1 \n1 \n1 \n1 \n1 \n1 \n1 \n1 \n1 \n1 \n1 \n1 \n1 \n1']
How many cases have an expense_sum lower than 671?,54244,54244,2,"['The prediction exactly matches the solution by providing the same number, 54244, which is the correct number of cases with an expense_sum lower than 671. The prediction aligns perfectly with the solution in terms of content.']",['SELECT COUNT(DISTINCT case_concept_name) AS case_count FROM event_log WHERE expense_sum < 671;'],[],['case_count \n54244']
How many cases have an expense_sume lower equal 671?,62742,62742,2,"['The prediction provides the exact same numerical value as the solution, directly answering the question asked. The content of the prediction matches the solution perfectly.']",['SELECT COUNT(DISTINCT case_concept_name) AS case_count FROM event_log WHERE expense_sum <= 671;'],[],['case_count \n62742']
How many cases have an amount_last higher than 7400?,28401,28401,2,"['The prediction exactly matches the solution provided, both stating that there are 28401 cases with an ""amount_last"" higher than 7400. Therefore, the prediction is completely correct in terms of content.']",['SELECT COUNT(DISTINCT case_concept_name) FROM event_log WHERE amount_last > 7400;'],[],['COUNT(DISTINCT case_concept_name) \n28401']
How many cases have an amount_last higher equal 7400?,37575,37575,2,"['The prediction matches the solution exactly, both providing the number 37575, which directly answers the question regarding how many cases have an ""amount_last"" equal to or higher than 7400. The content is identical, resulting in a perfect match.']",['SELECT COUNT(DISTINCT case_concept_name) AS case_count FROM event_log WHERE amount_last >= 7400;'],[],['case_count \n37575']
How many cases have an amount_last lower than 3936?,64961,64961,2,"['The prediction correctly provides the number 64961, which matches the solution exactly. This is the correct amount of cases with an `amount_last` lower than 3936, as indicated by the solution. Hence, the content of the prediction is an exact match.']",['SELECT COUNT(DISTINCT case_concept_name) AS case_count FROM event_log WHERE amount_last < 3936;'],[],['case_count \n64961']
How many cases have an amount_last lower equal 3936?,65851,65851,2,"['The prediction provides an exact numerical match to the solution, indicating that the number of cases with an ""amount_last"" lower or equal to 3936 is correctly identified as 65851. The content of the prediction directly answers the question asked.']",['SELECT COUNT(DISTINCT case_concept_name) AS case_count FROM event_log WHERE amount_last <= 3936;'],[],['case_count \n65851']
How many cases have an outstanding_balance lower than 0?,2215,2215,2,"['The prediction matches the number provided in the solution exactly. Both indicate that 2215 cases have an outstanding balance lower than 0, directly answering the question asked.']",['SELECT COUNT(DISTINCT case_concept_name) AS case_count FROM event_log WHERE outstanding_balance < 0;'],[],['case_count \n2215']
How many cases have an outstanding_balance lower equal 0?,60304,200,0,"['The prediction states that there are 200 cases with an outstanding balance lower or equal to 0, whereas the solution indicates there are 60304 such cases. The prediction does not match the solution provided in terms of content; therefore, it does not accurately answer the question.']",['SELECT COUNT(DISTINCT case_concept_name) AS case_count FROM event_log WHERE outstanding_balance <= 0 GROUP BY case_concept_name;'],[],['case_count \n1 \n1 \n1 \n1 \n1 \n1 \n1 \n1 \n1 \n1 \n1 \n1 \n1 \n1 \n1 \n1 \n1 \n1 \n1 \n1 \n1 \n1 \n1 \n1 \n1 \n1 \n1 \n1 \n1 \n1 \n1 \n1 \n1 \n1 \n1 \n1 \n1 \n1 \n1 \n1 \n1 \n1 \n1 \n1 \n1 \n1 \n1 \n1 \n1 \n1 \n1 \n1 \n1 \n1 \n1 \n1 \n1 \n1 \n1 \n1 \n1 \n1 \n1 \n1 \n1 \n1 \n1 \n1 \n1 \n1 \n1 \n1 \n1 \n1 \n1 \n1 \n1 \n1 \n1 \n1 \n1 \n1 \n1 \n1 \n1 \n1 \n1 \n1 \n1 \n1 \n1 \n1 \n1 \n1 \n1 \n1 \n1 \n1 \n1 \n1 \n1 \n1 \n1 \n1 \n1 \n1 \n1 \n1 \n1 \n1 \n1 \n1 \n1 \n1 \n1 \n1 \n1 \n1 \n1 \n1 \n1 \n1 \n1 \n1 \n1 \n1 \n1 \n1 \n1 \n1 \n1 \n1 \n1 \n1 \n1 \n1 \n1 \n1 \n1 \n1 \n1 \n1 \n1 \n1 \n1 \n1 \n1 \n1 \n1 \n1 \n1 \n1 \n1 \n1 \n1 \n1 \n1 \n1 \n1 \n1 \n1 \n1 \n1 \n1 \n1 \n1 \n1 \n1 \n1 \n1 \n1 \n1 \n1 \n1 \n1 \n1 \n1 \n1 \n1 \n1 \n1 \n1 \n1 \n1 \n1 \n1 \n1 \n1 \n1 \n1 \n1 \n1 \n1 \n1 \n1 \n1 \n1 \n1 \n1 \n1 \n1 \n1 \n1 \n1 \n1 \n1 \n1 \n1 \n1 \n1 \n1 \n1 \n1 \n1 \n1 \n1 \n1 \n1 \n1 \n1 \n1 \n1 \n1 \n1 \n1 \n1 \n1 \n1 \n1 \n1 \n1 \n1 \n1 \n1 \n1 \n1 \n1 \n1 \n1 \n1 \n1 \n1 \n1 \n1 \n1 \n1 \n1 \n1 \n1 \n1 \n1 \n1 \n1 \n1 \n1 \n1 \n1 \n1 \n1 \n1 \n1 \n1 \n1 \n1 \n1 \n1 \n1 \n1 \n1 \n1 \n1 \n1 \n1 \n1 \n1 \n1 \n1 \n1 \n1 \n1 \n1 \n1 \n1 \n1 \n1 \n1 \n1 \n1 \n1 \n1 \n1 \n1 \n1 \n1 \n1 \n1 \n1 \n1 \n1 \n1 \n1 \n1 \n1 \n1 \n1 \n1 \n1 \n1 \n1 \n1 \n1 \n1 \n1 \n1 \n1 \n1 \n1 \n1 \n1 \n1 \n1 \n1 \n1 \n1 \n1 \n1 \n1 \n1 \n1 \n1 \n1 \n1 \n1 \n1 \n1 \n1 \n1 \n1 \n1 \n1 \n1 \n1 \n1 \n1 \n1 \n1 \n1 \n1 \n1 \n1 \n1 \n1 \n1 \n1 \n1 \n1 \n1 \n1 \n1 \n1 \n1 \n1 \n1 \n1 \n1 \n1 \n1 \n1 \n1 \n1 \n1 \n1 \n1 \n1 \n1 \n1 \n1 \n1 \n1 \n1 \n1 \n1 \n1 \n1 \n1 \n1 \n1 \n1 \n1 \n1 \n1 \n1 \n1 \n1 \n1 \n1 \n1 \n1 \n1 \n1 \n1 \n1 \n1 \n1 \n1 \n1 \n1 \n1 \n1 \n1 \n1 \n1 \n1 \n1 \n1 \n1 \n1 \n1 \n1 \n1 \n1 \n1 \n1 \n1 \n1 \n1 \n1 \n1 \n1 \n1 \n1 \n1 \n1 \n1 \n1 \n1 \n1 \n1 \n1 \n1 \n1 \n1 \n1 \n1 \n1 \n1 \n1 \n1 \n1 \n1 \n1 \n1 \n1 \n1 \n1 \n1 \n1 \n1 \n1 \n1 \n1 \n1 \n1 \n1 \n1 \n1 \n1 \n1 \n1 \n1 \n1 \n1 \n1 \n1 \n1 \n1 \n1 \n1 \n1 \n1 \n1 \n1 \n1 \n1 \n1 \n1 \n1 \n1 \n1 \n1 \n1 \n1 \n1 \n1 \n1 \n1 \n1 \n1 \n1 \n1 \n1 \n1 \n1 \n1 \n1 \n1 \n1 \n1 \n1 \n1 \n1 \n1 \n1 \n1 \n1 \n1 \n1 \n1 \n1 \n1 \n1 \n1 \n1 \n1 \n1 \n1 \n1 \n1 \n1 \n1 \n1 \n1 \n1 \n1 \n1 \n1 \n1 \n1 \n1 \n1 \n1 \n1 \n1 \n1 \n1 \n1 \n1 \n1 \n1 \n1 \n1 \n1 \n1 \n1 \n1 \n1 \n1 \n1 \n1 \n1 \n1 \n1 \n1 \n1 \n1 \n1 \n1 \n1 \n1 \n1 \n1 \n1 \n1 \n1 \n1 \n1 \n1 \n1 \n1 \n1 \n1 \n1 \n1 \n1 \n1 \n1 \n1 \n1 \n1 \n1 \n1 \n1 \n1 \n1 \n1 \n1 \n1 \n1 \n1 \n1 \n1 \n1 \n1 \n1 \n1 \n1 \n1 \n1 \n1 \n1 \n1 \n1 \n1 \n1 \n1 \n1 \n1 \n1 \n1 \n1 \n1 \n1 \n1 \n1 \n1 \n1 \n1 \n1 \n1 \n1 \n1 \n1 \n1 \n1 \n1 \n1 \n1 \n1 \n1 \n1 \n1 \n1 \n1 \n1 \n1 \n1 \n1 \n1 \n1 \n1 \n1 \n1 \n1 \n1 \n1 \n1 \n1 \n1 \n1 \n1 \n1 \n1 \n1 \n1 \n1 \n1 \n1 \n1 \n1 \n1 \n1 \n1 \n1 \n1 \n1 \n1 \n1 \n1 \n1 \n1 \n1 \n1 \n1 \n1 \n1 \n1 \n1 \n1 \n1 \n1 \n1 \n1 \n1 \n1 \n1 \n1 \n1 \n1 \n1 \n1 \n1 \n1 \n1 \n1 \n1 \n1 \n1 \n1 \n1 \n1 \n1 \n1 \n1 \n1 \n1 \n1 \n1 \n1 \n1 \n1 \n1 \n1 \n1 \n1 \n1 \n1 \n1 \n1 \n1 \n1 \n1 \n1 \n1 \n1 \n1 \n1 \n1 \n1 \n1 \n1 \n1 \n1 \n1 \n1 \n1']
How many cases have an outstanding_balance higher than 8700?,24539,24539,2,"['The prediction provides the exact number of cases with an outstanding balance higher than 8700, which matches the answer provided. Therefore, the prediction correctly responds to the question with the same numerical content.']",['SELECT COUNT(DISTINCT case_concept_name) AS case_count FROM event_log WHERE outstanding_balance > 8700;'],[],['case_count \n24539']
How many cases have an outstanding_balance higher equal 8700?,28598,28598,2,"['The prediction accurately provides the number 28598, which matches the answer given. Both the prediction and solution agree on the number of cases with an outstanding balance higher or equal to 8700, answering the question correctly.']",['SELECT COUNT(DISTINCT case_concept_name) AS case_count FROM event_log WHERE outstanding_balance >= 8700;'],[],['case_count \n28598']
How many cases have an overpaid_amount higher than 5000?,103,103,2,"['The prediction matches the solution exactly by providing the same number, 103, which answers the question. Both the solution and the prediction state that there are 103 cases with an overpaid amount higher than 5000, ensuring a perfect content match.']",['SELECT COUNT(DISTINCT case_concept_name) AS case_count\nFROM event_log\nWHERE overpaid_amount > 5000;'],[],['case_count \n103']
How many cases have an overpaid_amount higher equal 5000?,104,104,2,"['The prediction matches the answer exactly in terms of content. Both the prediction and the answer state the same number, 104, which directly answers the question asked.']",['SELECT COUNT(DISTINCT case_concept_name) AS case_count FROM event_log WHERE overpaid_amount >= 5000;'],[],['case_count \n104']
How many cases have an overpaid_amount lower than 50?,149472,1000,0,"['The prediction states that there are 1000 cases with an overpaid amount lower than 50, whereas the answer indicates there are 149472 such cases. The prediction does not match the solution in terms of content at all, as the numbers are significantly different.']",['SELECT COUNT(DISTINCT case_concept_name) AS case_count FROM event_log WHERE overpaid_amount < 50 GROUP BY case_concept_name HAVING COUNT(*) > 0;'],[],['case_count \n1 \n1 \n1 \n1 \n1 \n1 \n1 \n1 \n1 \n1 \n1 \n1 \n1 \n1 \n1 \n1 \n1 \n1 \n1 \n1 \n1 \n1 \n1 \n1 \n1 \n1 \n1 \n1 \n1 \n1 \n1 \n1 \n1 \n1 \n1 \n1 \n1 \n1 \n1 \n1 \n1 \n1 \n1 \n1 \n1 \n1 \n1 \n1 \n1 \n1 \n1 \n1 \n1 \n1 \n1 \n1 \n1 \n1 \n1 \n1 \n1 \n1 \n1 \n1 \n1 \n1 \n1 \n1 \n1 \n1 \n1 \n1 \n1 \n1 \n1 \n1 \n1 \n1 \n1 \n1 \n1 \n1 \n1 \n1 \n1 \n1 \n1 \n1 \n1 \n1 \n1 \n1 \n1 \n1 \n1 \n1 \n1 \n1 \n1 \n1 \n1 \n1 \n1 \n1 \n1 \n1 \n1 \n1 \n1 \n1 \n1 \n1 \n1 \n1 \n1 \n1 \n1 \n1 \n1 \n1 \n1 \n1 \n1 \n1 \n1 \n1 \n1 \n1 \n1 \n1 \n1 \n1 \n1 \n1 \n1 \n1 \n1 \n1 \n1 \n1 \n1 \n1 \n1 \n1 \n1 \n1 \n1 \n1 \n1 \n1 \n1 \n1 \n1 \n1 \n1 \n1 \n1 \n1 \n1 \n1 \n1 \n1 \n1 \n1 \n1 \n1 \n1 \n1 \n1 \n1 \n1 \n1 \n1 \n1 \n1 \n1 \n1 \n1 \n1 \n1 \n1 \n1 \n1 \n1 \n1 \n1 \n1 \n1 \n1 \n1 \n1 \n1 \n1 \n1 \n1 \n1 \n1 \n1 \n1 \n1 \n1 \n1 \n1 \n1 \n1 \n1 \n1 \n1 \n1 \n1 \n1 \n1 \n1 \n1 \n1 \n1 \n1 \n1 \n1 \n1 \n1 \n1 \n1 \n1 \n1 \n1 \n1 \n1 \n1 \n1 \n1 \n1 \n1 \n1 \n1 \n1 \n1 \n1 \n1 \n1 \n1 \n1 \n1 \n1 \n1 \n1 \n1 \n1 \n1 \n1 \n1 \n1 \n1 \n1 \n1 \n1 \n1 \n1 \n1 \n1 \n1 \n1 \n1 \n1 \n1 \n1 \n1 \n1 \n1 \n1 \n1 \n1 \n1 \n1 \n1 \n1 \n1 \n1 \n1 \n1 \n1 \n1 \n1 \n1 \n1 \n1 \n1 \n1 \n1 \n1 \n1 \n1 \n1 \n1 \n1 \n1 \n1 \n1 \n1 \n1 \n1 \n1 \n1 \n1 \n1 \n1 \n1 \n1 \n1 \n1 \n1 \n1 \n1 \n1 \n1 \n1 \n1 \n1 \n1 \n1 \n1 \n1 \n1 \n1 \n1 \n1 \n1 \n1 \n1 \n1 \n1 \n1 \n1 \n1 \n1 \n1 \n1 \n1 \n1 \n1 \n1 \n1 \n1 \n1 \n1 \n1 \n1 \n1 \n1 \n1 \n1 \n1 \n1 \n1 \n1 \n1 \n1 \n1 \n1 \n1 \n1 \n1 \n1 \n1 \n1 \n1 \n1 \n1 \n1 \n1 \n1 \n1 \n1 \n1 \n1 \n1 \n1 \n1 \n1 \n1 \n1 \n1 \n1 \n1 \n1 \n1 \n1 \n1 \n1 \n1 \n1 \n1 \n1 \n1 \n1 \n1 \n1 \n1 \n1 \n1 \n1 \n1 \n1 \n1 \n1 \n1 \n1 \n1 \n1 \n1 \n1 \n1 \n1 \n1 \n1 \n1 \n1 \n1 \n1 \n1 \n1 \n1 \n1 \n1 \n1 \n1 \n1 \n1 \n1 \n1 \n1 \n1 \n1 \n1 \n1 \n1 \n1 \n1 \n1 \n1 \n1 \n1 \n1 \n1 \n1 \n1 \n1 \n1 \n1 \n1 \n1 \n1 \n1 \n1 \n1 \n1 \n1 \n1 \n1 \n1 \n1 \n1 \n1 \n1 \n1 \n1 \n1 \n1 \n1 \n1 \n1 \n1 \n1 \n1 \n1 \n1 \n1 \n1 \n1 \n1 \n1 \n1 \n1 \n1 \n1 \n1 \n1 \n1 \n1 \n1 \n1 \n1 \n1 \n1 \n1 \n1 \n1 \n1 \n1 \n1 \n1 \n1 \n1 \n1 \n1 \n1 \n1 \n1 \n1 \n1 \n1 \n1 \n1 \n1 \n1 \n1 \n1 \n1 \n1 \n1 \n1 \n1 \n1 \n1 \n1 \n1 \n1 \n1 \n1 \n1 \n1 \n1 \n1 \n1 \n1 \n1 \n1 \n1 \n1 \n1 \n1 \n1 \n1 \n1 \n1 \n1 \n1 \n1 \n1 \n1 \n1 \n1 \n1 \n1 \n1 \n1 \n1 \n1 \n1 \n1 \n1 \n1 \n1 \n1 \n1 \n1 \n1 \n1 \n1 \n1 \n1 \n1 \n1 \n1 \n1 \n1 \n1 \n1 \n1 \n1 \n1 \n1 \n1 \n1 \n1 \n1 \n1 \n1 \n1 \n1 \n1 \n1 \n1 \n1 \n1 \n1 \n1 \n1 \n1 \n1 \n1 \n1 \n1 \n1 \n1 \n1 \n1 \n1 \n1 \n1 \n1 \n1 \n1 \n1 \n1 \n1 \n1 \n1 \n1 \n1 \n1 \n1 \n1 \n1 \n1 \n1 \n1 \n1 \n1 \n1 \n1 \n1 \n1 \n1 \n1 \n1 \n1 \n1 \n1 \n1 \n1 \n1 \n1 \n1 \n1 \n1 \n1 \n1 \n1 \n1 \n1 \n1 \n1 \n1 \n1 \n1 \n1 \n1 \n1 \n1 \n1 \n1 \n1 \n1 \n1 \n1 \n1 \n1 \n1 \n1 \n1 \n1 \n1 \n1 \n1 \n1 \n1 \n1 \n1 \n1 \n1 \n1 \n1 \n1 \n1 \n1 \n1 \n1 \n1 \n1 \n1 \n1 \n1 \n1 \n1 \n1 \n1 \n1 \n1 \n1 \n1 \n1 \n1 \n1 \n1 \n1 \n1 \n1 \n1 \n1 \n1 \n1 \n1 \n1 \n1 \n1 \n1 \n1 \n1 \n1 \n1 \n1 \n1 \n1 \n1 \n1 \n1 \n1 \n1 \n1 \n1 \n1 \n1 \n1 \n1 \n1 \n1 \n1 \n1 \n1 \n1 \n1 \n1 \n1 \n1']
How many cases have an overpaid_amount lower equal 50?,149493,149493,2,"['The prediction matches the answer exactly in terms of the number provided, 149493, which answers the question about how many cases have an overpaid amount lower or equal to 50. The content of the prediction fully and accurately addresses the question.']",['SELECT COUNT(DISTINCT case_concept_name) AS case_count FROM event_log WHERE overpaid_amount <= 50;'],[],['case_count \n149493']
How many cases have an underpaid_amount lower than 100?,60647,100,0,"['The answer states there are 60647 cases with an underpaid amount lower than 100. The prediction, however, states there are 100 such cases. Since the values differ significantly, the prediction does not provide an accurate or matching response to the question asked. Thus, the prediction is incorrect.']",['SELECT COUNT(DISTINCT case_concept_name) AS case_count\nFROM event_log\nGROUP BY case_concept_name\nHAVING MAX(underpaid_amount) < 100;'],[],['case_count \n1 \n1 \n1 \n1 \n1 \n1 \n1 \n1 \n1 \n1 \n1 \n1 \n1 \n1 \n1 \n1 \n1 \n1 \n1 \n1 \n1 \n1 \n1 \n1 \n1 \n1 \n1 \n1 \n1 \n1 \n1 \n1 \n1 \n1 \n1 \n1 \n1 \n1 \n1 \n1 \n1 \n1 \n1 \n1 \n1 \n1 \n1 \n1 \n1 \n1 \n1 \n1 \n1 \n1 \n1 \n1 \n1 \n1 \n1 \n1 \n1 \n1 \n1 \n1 \n1 \n1 \n1 \n1 \n1 \n1 \n1 \n1 \n1 \n1 \n1 \n1 \n1 \n1 \n1 \n1 \n1 \n1 \n1 \n1 \n1 \n1 \n1 \n1 \n1 \n1 \n1 \n1 \n1 \n1 \n1 \n1 \n1 \n1 \n1 \n1 \n1 \n1 \n1 \n1 \n1 \n1 \n1 \n1 \n1 \n1 \n1 \n1 \n1 \n1 \n1 \n1 \n1 \n1 \n1 \n1 \n1 \n1 \n1 \n1 \n1 \n1 \n1 \n1 \n1 \n1 \n1 \n1 \n1 \n1 \n1 \n1 \n1 \n1 \n1 \n1 \n1 \n1 \n1 \n1 \n1 \n1 \n1 \n1 \n1 \n1 \n1 \n1 \n1 \n1 \n1 \n1 \n1 \n1 \n1 \n1 \n1 \n1 \n1 \n1 \n1 \n1 \n1 \n1 \n1 \n1 \n1 \n1 \n1 \n1 \n1 \n1 \n1 \n1 \n1 \n1 \n1 \n1 \n1 \n1 \n1 \n1 \n1 \n1 \n1 \n1 \n1 \n1 \n1 \n1 \n1 \n1 \n1 \n1 \n1 \n1 \n1 \n1 \n1 \n1 \n1 \n1 \n1 \n1 \n1 \n1 \n1 \n1 \n1 \n1 \n1 \n1 \n1 \n1 \n1 \n1 \n1 \n1 \n1 \n1 \n1 \n1 \n1 \n1 \n1 \n1 \n1 \n1 \n1 \n1 \n1 \n1 \n1 \n1 \n1 \n1 \n1 \n1 \n1 \n1 \n1 \n1 \n1 \n1 \n1 \n1 \n1 \n1 \n1 \n1 \n1 \n1 \n1 \n1 \n1 \n1 \n1 \n1 \n1 \n1 \n1 \n1 \n1 \n1 \n1 \n1 \n1 \n1 \n1 \n1 \n1 \n1 \n1 \n1 \n1 \n1 \n1 \n1 \n1 \n1 \n1 \n1 \n1 \n1 \n1 \n1 \n1 \n1 \n1 \n1 \n1 \n1 \n1 \n1 \n1 \n1 \n1 \n1 \n1 \n1 \n1 \n1 \n1 \n1 \n1 \n1 \n1 \n1 \n1 \n1 \n1 \n1 \n1 \n1 \n1 \n1 \n1 \n1 \n1 \n1 \n1 \n1 \n1 \n1 \n1 \n1 \n1 \n1 \n1 \n1 \n1 \n1 \n1 \n1 \n1 \n1 \n1 \n1 \n1 \n1 \n1 \n1 \n1 \n1 \n1 \n1 \n1 \n1 \n1 \n1 \n1 \n1 \n1 \n1 \n1 \n1 \n1 \n1 \n1 \n1 \n1 \n1 \n1 \n1 \n1 \n1 \n1 \n1 \n1 \n1 \n1 \n1 \n1 \n1 \n1 \n1 \n1 \n1 \n1 \n1 \n1 \n1 \n1 \n1 \n1 \n1 \n1 \n1 \n1 \n1 \n1 \n1 \n1 \n1 \n1 \n1 \n1 \n1 \n1 \n1 \n1 \n1 \n1 \n1 \n1 \n1 \n1 \n1 \n1 \n1 \n1 \n1 \n1 \n1 \n1 \n1 \n1 \n1 \n1 \n1 \n1 \n1 \n1 \n1 \n1 \n1 \n1 \n1 \n1 \n1 \n1 \n1 \n1 \n1 \n1 \n1 \n1 \n1 \n1 \n1 \n1 \n1 \n1 \n1 \n1 \n1 \n1 \n1 \n1 \n1 \n1 \n1 \n1 \n1 \n1 \n1 \n1 \n1 \n1 \n1 \n1 \n1 \n1 \n1 \n1 \n1 \n1 \n1 \n1 \n1 \n1 \n1 \n1 \n1 \n1 \n1 \n1 \n1 \n1 \n1 \n1 \n1 \n1 \n1 \n1 \n1 \n1 \n1 \n1 \n1 \n1 \n1 \n1 \n1 \n1 \n1 \n1 \n1 \n1 \n1 \n1 \n1 \n1 \n1 \n1 \n1 \n1 \n1 \n1 \n1 \n1 \n1 \n1 \n1 \n1 \n1 \n1 \n1 \n1 \n1 \n1 \n1 \n1 \n1 \n1 \n1 \n1 \n1 \n1 \n1 \n1 \n1 \n1 \n1 \n1 \n1 \n1 \n1 \n1 \n1 \n1 \n1 \n1 \n1 \n1 \n1 \n1 \n1 \n1 \n1 \n1 \n1 \n1 \n1 \n1 \n1 \n1 \n1 \n1 \n1 \n1 \n1 \n1 \n1 \n1 \n1 \n1 \n1 \n1 \n1 \n1 \n1 \n1 \n1 \n1 \n1 \n1 \n1 \n1 \n1 \n1 \n1 \n1 \n1 \n1 \n1 \n1 \n1 \n1 \n1 \n1 \n1 \n1 \n1 \n1 \n1 \n1 \n1 \n1 \n1 \n1 \n1 \n1 \n1 \n1 \n1 \n1 \n1 \n1 \n1 \n1 \n1 \n1 \n1 \n1 \n1 \n1 \n1 \n1 \n1 \n1 \n1 \n1 \n1 \n1 \n1 \n1 \n1 \n1 \n1 \n1 \n1 \n1 \n1 \n1 \n1 \n1 \n1 \n1 \n1 \n1 \n1 \n1 \n1 \n1 \n1 \n1 \n1 \n1 \n1 \n1 \n1 \n1 \n1 \n1 \n1 \n1 \n1 \n1 \n1 \n1 \n1 \n1 \n1 \n1 \n1 \n1 \n1 \n1 \n1 \n1 \n1 \n1 \n1 \n1 \n1 \n1 \n1 \n1 \n1 \n1 \n1 \n1 \n1 \n1 \n1 \n1 \n1 \n1 \n1 \n1 \n1 \n1 \n1 \n1 \n1 \n1 \n1 \n1 \n1 \n1 \n1 \n1 \n1 \n1 \n1 \n1 \n1 \n1 \n1 \n1 \n1 \n1 \n1 \n1 \n1 \n1 \n1 \n1 \n1 \n1 \n1 \n1 \n1 \n1 \n1 \n1 \n1 \n1 \n1 \n1 \n1 \n1 \n1 \n1 \n1 \n1 \n1 \n1 \n1 \n1']
How many cases have an underpaid_amount lower equal 100?,60673,60673,2,"['The prediction provides the exact numerical answer, 60673, which matches the solution given for the question. Therefore, the prediction is a complete match to the solution.']",['SELECT COUNT(DISTINCT case_concept_name) AS case_count FROM event_log WHERE underpaid_amount <= 100;'],[],['case_count \n60673']
How many cases have an underpaid_amount higher than 8700?,24539,24539,2,"['The prediction directly matches the provided answer, both indicating that there are 24,539 cases with an underpaid amount higher than 8,700. The content accurately answers the question.']","['SELECT COUNT(*) AS case_count FROM (SELECT case_concept_name, MAX(underpaid_amount) AS max_underpaid_amount FROM event_log GROUP BY case_concept_name HAVING max_underpaid_amount > 8700);']",[],['case_count \n24539']
How many cases have an underpaid_amount higher equal 8700?,28598,28598,2,"['The prediction matches the solution exactly in terms of content, providing the same number, 28598, for the number of cases with an underpaid amount higher or equal to 8700. This is a direct answer to the question and matches the provided solution perfectly.']",['SELECT COUNT(DISTINCT case_concept_name) AS case_count FROM event_log WHERE underpaid_amount >= 8700;'],[],['case_count \n28598']
How many cases are fully_paid AND obligation_topay_cancelled OR credit_collected AND obligation_topay_cancelled OR dismissed AND obligation_topay_cancelled ,34183,34183,2,"['The prediction matches the answer exactly in terms of the numerical content provided. Both the prediction and the answer give the same figure, 34183, which directly answers the complex query provided in the question.']",['SELECT COUNT(DISTINCT case_concept_name) AS case_count FROM event_log WHERE (fully_paid = 1 AND obligation_topay_cancelled = 1) OR (credit_collected = 1 AND obligation_topay_cancelled = 1) OR (dismissed = 1 AND obligation_topay_cancelled = 1);'],[],['case_count \n34183']
How many cases have penalty_added == True AND unresolved == True AND underpaid_amount > 0 AND obligation_topay_cancelled == True?,3762,3762,2,"['The prediction matches the answer exactly, providing the same number, 3762, which directly answers the question regarding the number of cases that meet all the specified conditions. The content of the prediction is an exact match to the solution.']",['SELECT COUNT(DISTINCT case_concept_name) AS case_count FROM event_log WHERE penalty_added = 1 AND unresolved = 1 AND underpaid_amount > 0 AND obligation_topay_cancelled = 1;'],[],['case_count \n3762']
How many cases have dismissed == False AND both appeal_judge_cancelled and appeal_prefecture_cancelled == True AND dismissed_by_other == True?,0,0,2,"['The prediction matches the solution exactly, both stating that the answer is 0. This means that the prediction accurately answers the question with respect to the specified conditions.']",['SELECT COUNT(DISTINCT case_concept_name) AS case_count FROM event_log WHERE dismissed = 0 AND appeal_judge_cancelled = 1 AND appeal_prefecture_cancelled = 1 AND dismissed_by_other = 1;'],[],['case_count \n0']
How many cases have dismissed == False AND either appeal_judge_cancelled == True OR appeal_prefecture_cancelled == True AND dismissed_by_other == True?,5,5,2,"['The prediction provides the correct number of cases, ""5,"" which matches the answer exactly. Both the solution and the prediction identify the same number of cases based on the complex criteria set in the question.']",['SELECT COUNT(DISTINCT case_concept_name) AS case_count FROM event_log WHERE dismissed = 0 AND dismissed_by_other = 1 AND (appeal_judge_cancelled = 1 OR appeal_prefecture_cancelled = 1);'],[],['case_count \n5']
How many cases have dimissed == False AND appeal_judge_cancelled == True AND appeal_prefecture_cancelled == False AND dismissed_by_other ==True?,0,0,2,"['The prediction matches the answer exactly in terms of content. Both the prediction and the answer provide the same number, 0, which directly answers the complex criteria given in the question.']",['SELECT COUNT(DISTINCT case_concept_name) AS case_count FROM event_log WHERE dismissed = 0 AND appeal_judge_cancelled = 1 AND appeal_prefecture_cancelled = 0 AND dismissed_by_other = 1;'],[],['case_count \n0']
How many cases have dimissed == False AND appeal_judge_cancelled == False AND appeal_prefecture_cancelled == True AND dismissed_by_other ==True?,5,5,2,"['The prediction matches the given answer exactly. Both state that the number of cases fitting the specified conditions is 5. Therefore, the content of the prediction is accurate and directly answers the question as expected.']",['SELECT COUNT(DISTINCT case_concept_name) AS case_count FROM event_log WHERE dismissed = 0 AND appeal_judge_cancelled = 0 AND appeal_prefecture_cancelled = 1 AND dismissed_by_other = 1;'],[],['case_count \n5']
Which case is underpaid == True AND part_paid == True AND payment_count larger than 4 AND underpaid_amount larger than 150000 AND credit_collected == False AND dismissed == False?,C23364,C23364,2,"['The prediction matches the answer exactly by identifying the same case number, C23364, which satisfies all the conditions specified in the question. Therefore, the prediction provides an exact match in terms of the content requested.']",['SELECT case_concept_name FROM event_log WHERE underpaid = 1 AND part_paid = 1 AND payment_count > 4 AND underpaid_amount > 150000 AND credit_collected = 0 AND dismissed = 0 GROUP BY case_concept_name;'],[],['case_concept_name \nC23364']
How many cases have undresolved == True AND obligation_topay_cancelled = False?,13395,13395,2,"['The prediction provides the exact number, 13395, which matches the solution provided in response to the question about the number of cases where ""undresolved == True AND obligation_topay_cancelled = False"". Therefore, the prediction is an exact match to the solution content-wise.']",['SELECT COUNT(DISTINCT case_concept_name) AS case_count FROM event_log WHERE unresolved = 1 AND obligation_topay_cancelled = 0;'],[],['case_count \n13395']
How many cases have unresolved == True AND obligation_topay_cancelled == False AND underpaid_amount larger than 150000 AND duration larger than 15552000?,2,6,0,"['The prediction states that there are 6 cases meeting the specified criteria, while the solution indicates there are only 2 such cases. The prediction does not match the solution at all in terms of content.']",['SELECT COUNT(DISTINCT case_concept_name) AS case_count FROM event_log WHERE unresolved = 1 AND obligation_topay_cancelled = 0 AND underpaid_amount > 150000 AND duration > 15552000;'],[],['case_count \n6']
How many cases are credit collected before 2002-12-24?,9383,20930,0,"['The prediction states there are 20930 cases credit collected before 2002-12-24, whereas the answer indicates there are 9383 such cases. The numbers do not match, indicating that the prediction does not answer the question correctly.']","[""SELECT COUNT(DISTINCT case_concept_name) AS case_count\nFROM event_log\nWHERE time_timestamp < '2002-12-24'\nAND credit_collected = 1;""]",[],['case_count \n20930']
How many cases have credit_collected == True AND time_timestamp_end < 2002-12-24?,9383,9383,2,"['The prediction matches the solution exactly by providing the same number, 9383, which directly answers the question regarding the number of cases with specific conditions (credit_collected == True AND time_timestamp_end < 2002-12-24). Thus, the prediction is an exact match in terms of content.']","[""SELECT COUNT(DISTINCT case_concept_name) AS case_count FROM event_log WHERE credit_collected = 1 AND time_timestamp_end < '2002-12-24'""]",[],['case_count \n9383']